Workbook

Sheet READ ME
A1: Twin Visit Logger — Development Copy (Reference Workbook)
A3: This reference workbook demonstrates the Phase 2 upgraded structure.
A4: The LIVE system is the Google Sheets dev copy; run apps-script/Setup.gs there to build it natively.
A6: Sheets:
A7: • Data — main pipeline (one row per property). Data starts on row 2.
A8: • Cherry Opportunity Board — the 30-second action view (10 sections).
A9: • Dropdowns — reference lists behind every data-validation field.
A10: • Exception Queue — records needing review (incomplete / rule failures / duplicates).
A11: • Migration Log — how legacy fields map to the new structure.
A13: Pilot + test records: rows 2–20 on Data.
A14: Original workbook was NOT modified. This is a separate development copy.
A16: Color key: Red = error/overdue Orange = warning/incomplete/stalled Green = signed/complete

Sheet Cherry Opportunity Board
A1: CHERRY OPPORTUNITY BOARD — actionable opportunities only
A2: Updated live from Data. Sections sorted by contract-likelihood, overdue, nearest due date, recent engagement.
A4: 1. Contracts Possible This Week
A5: Address | B5: Seller | C5: Stage | D5: Next Action | E5: Owner | F5: Due | G5: Days Overdue | H5: Blocker | I5: Last Contact Result | J5: REI Link
A6: =IFERROR(QUERY(Data!A2:BZ1000,"select B,D,AQ,AF,AH,AG,AK,AI,AE,H where B is not null and (AQ='Verbal Agreement' or AQ='Contract Sent' or AQ='Active Negotiation') order by AY desc, AG limit 50",0),"— none —")
A14: 2. Visited — No Offer Decision
A15: Address | B15: Seller | C15: Stage | D15: Next Action | E15: Owner | F15: Due | G15: Days Overdue | H15: Blocker | I15: Last Contact Result | J15: REI Link
A16: =IFERROR(QUERY(Data!A2:BZ1000,"select B,D,AQ,AF,AH,AG,AK,AI,AE,H where B is not null and AQ='Visit Completed — Needs Review' order by AK desc, AG limit 50",0),"— none —")
A24: 3. Offer Sent — Follow-Up Due
A25: Address | B25: Seller | C25: Stage | D25: Next Action | E25: Owner | F25: Due | G25: Days Overdue | H25: Blocker | I25: Last Contact Result | J25: REI Link
A26: =IFERROR(QUERY(Data!A2:BZ1000,"select B,D,AQ,AF,AH,AG,AK,AI,AE,H where B is not null and AQ='Offer Sent' order by AK desc, AG limit 50",0),"— none —")
A34: 4. Stalled Deals
A35: Address | B35: Seller | C35: Stage | D35: Next Action | E35: Owner | F35: Due | G35: Days Overdue | H35: Blocker | I35: Last Contact Result | J35: REI Link
A36: =IFERROR(QUERY(Data!A2:BZ1000,"select B,D,AQ,AF,AH,AG,AK,AI,AE,H where B is not null and AL='Yes' order by AK desc, AY desc limit 50",0),"— none —")
A44: 5. Overdue Tasks
A45: Address | B45: Seller | C45: Stage | D45: Next Action | E45: Owner | F45: Due | G45: Days Overdue | H45: Blocker | I45: Last Contact Result | J45: REI Link
A46: =IFERROR(QUERY(Data!A2:BZ1000,"select B,D,AQ,AF,AH,AG,AK,AI,AE,H where B is not null and AK>0 order by AK desc limit 50",0),"— none —")
A54: 6. Negotiation Decisions
A55: Address | B55: Seller | C55: Stage | D55: Next Action | E55: Owner | F55: Due | G55: Days Overdue | H55: Blocker | I55: Last Contact Result | J55: REI Link
A56: =IFERROR(QUERY(Data!A2:BZ1000,"select B,D,AQ,AF,AH,AG,AK,AI,AE,H where B is not null and AQ='Active Negotiation' order by AY desc, AG limit 50",0),"— none —")
A64: 7. Contract Handoffs
A65: Address | B65: Seller | C65: Stage | D65: Next Action | E65: Owner | F65: Due | G65: Days Overdue | H65: Blocker | I65: Last Contact Result | J65: REI Link
A66: =IFERROR(QUERY(Data!A2:BZ1000,"select B,D,AQ,AF,AH,AG,AK,AI,AE,H where B is not null and (AQ='Contract Signed' and AV<>'JM Confirmed') order by AG limit 50",0),"— none —")
A74: 8. Gift Review
A75: Address | B75: Seller | C75: Stage | D75: Next Action | E75: Owner | F75: Due | G75: Days Overdue | H75: Blocker | I75: Last Contact Result | J75: REI Link
A76: =IFERROR(QUERY(Data!A2:BZ1000,"select B,D,AQ,AF,AH,AG,AK,AI,AE,H where B is not null and AM='Recommended' order by AG limit 50",0),"— none —")
A84: 9. Revival Opportunities
A85: Address | B85: Seller | C85: Stage | D85: Next Action | E85: Owner | F85: Due | G85: Days Overdue | H85: Blocker | I85: Last Contact Result | J85: REI Link
A86: =IFERROR(QUERY(Data!A2:BZ1000,"select B,D,AQ,AF,AH,AG,AK,AI,AE,H where B is not null and (AR='Lost' and AJ>=45) order by AJ desc limit 50",0),"— none —")
A94: 10. Exceptions Requiring Review
A95: Address | B95: Seller | C95: Stage | D95: Next Action | E95: Owner | F95: Due | G95: Days Overdue | H95: Blocker | I95: Last Contact Result | J95: REI Link
A96: =IFERROR(QUERY(Data!A2:BZ1000,"select B,D,AQ,AF,AH,AG,AK,AI,AE,H where B is not null and (BD='Exception' or BD='Incomplete') order by AQ limit 50",0),"— none —")
A105: QUICK FILTERS (live sheet): use the toolbar Filter Views 'My Tasks', 'Due Today', 'Overdue', 'Stalled', 'Needs Offer Decision', 'Offer Follow-Up', 'Negotiation Decision', 'Contracts Possible This Week', 'Gift Review', 'Exceptions' — created by Setup.gs.

Sheet Data
A1: Property ID | B1: Property Address | C1: Normalized Address | D1: Seller Name | E1: Phone | F1: Email | G1: Lead Source | H1: REI BlackBook Link | I1: Visit Date | J1: Visit Time | K1: Visit Status | L1: Assigned Visitor | M1: Visit Notes | N1: Property Condition | O1: Occupancy Status | P1: Photos Link | Q1: Video Link | R1: File Link | S1: Seller Motivation | T1: Seller Timeline | U1: Asking Price | V1: Price Expectation | W1: Seller Concerns | X1: Approved Offer Amount | Y1: Offer Status | Z1: Offer Prepared Date | AA1: Offer Sent Date | AB1: Offer Received Confirmation | AC1: Counteroffer Amount | AD1: Last Contact Date | AE1: Last Contact Result | AF1: Next Action | AG1: Next Action Due Date | AH1: Assigned Owner | AI1: Blocker | AJ1: Days Since Last Activity | AK1: Days Overdue | AL1: Stalled Status | AM1: Gift Status | AN1: Gift Recommendation Reason | AO1: Gift Approval Owner | AP1: Gift Sent Date | AQ1: Current Stage | AR1: Final Disposition | AS1: Closeout Reason | AT1: Contract Sent Date | AU1: Contract Signed Date | AV1: Transaction Handoff Status | AW1: Missing Required Fields | AX1: Duplicate Address Flag | AY1: Opportunity Priority | AZ1: Created Date | BA1: Last Updated Date | BB1: Updated By | BC1: Source | BD1: Data Quality Status | BE1: Exception Reason | BF1: REI Update Required | BG1: REI Update Completed
A2: TVL-0001 | B2: 2607 Gimelli Pl, Apt 115, San Jose, CA 95133 | C2: =IF($B2="","",TRIM(LOWER(SUBSTITUTE(SUBSTITUTE(SUBSTITUTE(SUBSTITUTE(SUBSTITUTE($B2,",",""),".","")," apt "," "),"#","")," unit "," ")))) | D2: Cyn Ku | E2: (510) 284-7867 | G2: PPL - Property Leads | I2: 46227 | K2: Scheduled | L2: Juan | M2: Cyn still interested in selling; 2nd property she wants to sell to us. | AF2: Conduct scheduled visit & log outcome | AG2: 46227 | AH2: Juan | AJ2: =IF($B2="","",IF(AND($AD2="",$BA2="",$I2=""),"",TODAY()-MAX($AD2,$BA2,$I2))) | AK2: =IF($B2="","",IF($AG2="","",IF(TODAY()>$AG2,TODAY()-$AG2,0))) | AL2: =IF($B2="","",IF(OR($AQ2="Lost / Closed Out",$AQ2="Long-Term Nurture",$AQ2="Contract Signed"),"No",IF(MAX($AD2,$BA2,$I2)=0,"No",IF(NETWORKDAYS(MAX($AD2,$BA2,$I2),TODAY())-1>=3,"Yes","No")))) | AQ2: Visit Scheduled | AW2: =IF(OR($B2="",$AQ2="Lost / Closed Out"),"",_xlfn.TEXTJOIN(", ",TRUE,IF($B2="","Property Address",""),IF($AQ2="","Current Stage",""),IF($AF2="","Next Action",""),IF($AG2="","Next Action Due Date",""),IF($AH2="","Assigned Owner",""),IF($H2="","REI BlackBook Link",""))) | AX2: =IF($C2="","",IF(COUNTIFS($C$2:$C$1000,$C2,$AQ$2:$AQ$1000,"<>Lost / Closed Out")>1,"Duplicate","")) | AY2: =IF($B2="","",IF($AQ2="Verbal Agreement",100,IF($AQ2="Contract Sent",95,IF($AQ2="Active Negotiation",85,IF($AQ2="Offer Sent",70,IF($AQ2="Offer Preparation",60,IF($AQ2="Visit Completed — Needs Review",50,IF($AQ2="Visit Scheduled",30,IF($AQ2="Long-Term Nurture",10,IF($AQ2="Contract Signed",5,0)))))))))+IF($AK2="",0,MIN($AK2,20))+IF($AL2="Yes",5,0)) | AZ2: 46227 | BA2: 46227 | BB2: Import | BC2: Import | BD2: =IF($B2="","",IF($BE2<>"","Exception",IF($AW2<>"","Incomplete","OK"))) | BE2: =IF($B2="","",_xlfn.TEXTJOIN(" | ",TRUE,IF(AND($K2="Completed",$M2=""),"Completed visit missing Visit Notes",""),IF(AND($K2="Completed",$S2=""),"Completed visit missing Seller Motivation (or add Exception note)",""),IF(AND($AQ2="Offer Sent",OR($X2="",$AA2="")),"Offer Sent needs Approved Offer Amount + Offer Sent Date",""),IF(AND($AQ2="Active Negotiation",OR($AE2="",$AF2="",$AH2="",$AG2="")),"Active Negotiation needs Last Contact Result + Next Action + Owner + Due Date",""),IF(AND($AQ2="Contract Sent",$AT2="",$R2=""),"Contract Sent needs Contract Sent Date or File Link",""),IF(AND($AQ2="Contract Signed",$AU2=""),"Contract Signed needs Contract Signed Date",""),IF(AND($AQ2="Long-Term Nurture",OR($AG2="",$AG2<=TODAY())),"Long-Term Nurture needs an exact FUTURE follow-up date",""),IF(AND($AQ2="Lost / Closed Out",OR($AR2="",$AS2="")),"Lost / Closed Out needs Final Disposition + Closeout Reason",""),IF(AND($AM2="Sent",$AO2=""),"Gift marked Sent without recorded approval",""),IF($AX2="Duplicate","Duplicate active record for this address",""))) | BF2: Yes
A3: TVL-0002 | B3: 1253 Edgewood Rd, Redwood City, CA 94062 | C3: =IF($B3="","",TRIM(LOWER(SUBSTITUTE(SUBSTITUTE(SUBSTITUTE(SUBSTITUTE(SUBSTITUTE($B3,",",""),".","")," apt "," "),"#","")," unit "," ")))) | D3: Steve Giorgi | E3: (650) 333-8189 | G3: PPL - Property Leads | I3: 46225 | K3: Scheduled | L3: Juan | M3: Appointment booked; note outcome after visit. | AF3: Conduct scheduled visit & log outcome | AG3: 46225 | AH3: Juan | AJ3: =IF($B3="","",IF(AND($AD3="",$BA3="",$I3=""),"",TODAY()-MAX($AD3,$BA3,$I3))) | AK3: =IF($B3="","",IF($AG3="","",IF(TODAY()>$AG3,TODAY()-$AG3,0))) | AL3: =IF($B3="","",IF(OR($AQ3="Lost / Closed Out",$AQ3="Long-Term Nurture",$AQ3="Contract Signed"),"No",IF(MAX($AD3,$BA3,$I3)=0,"No",IF(NETWORKDAYS(MAX($AD3,$BA3,$I3),TODAY())-1>=3,"Yes","No")))) | AQ3: Visit Scheduled | AW3: =IF(OR($B3="",$AQ3="Lost / Closed Out"),"",_xlfn.TEXTJOIN(", ",TRUE,IF($B3="","Property Address",""),IF($AQ3="","Current Stage",""),IF($AF3="","Next Action",""),IF($AG3="","Next Action Due Date",""),IF($AH3="","Assigned Owner",""),IF($H3="","REI BlackBook Link",""))) | AX3: =IF($C3="","",IF(COUNTIFS($C$2:$C$1000,$C3,$AQ$2:$AQ$1000,"<>Lost / Closed Out")>1,"Duplicate","")) | AY3: =IF($B3="","",IF($AQ3="Verbal Agreement",100,IF($AQ3="Contract Sent",95,IF($AQ3="Active Negotiation",85,IF($AQ3="Offer Sent",70,IF($AQ3="Offer Preparation",60,IF($AQ3="Visit Completed — Needs Review",50,IF($AQ3="Visit Scheduled",30,IF($AQ3="Long-Term Nurture",10,IF($AQ3="Contract Signed",5,0)))))))))+IF($AK3="",0,MIN($AK3,20))+IF($AL3="Yes",5,0)) | AZ3: 46225 | BA3: 46225 | BB3: Import | BC3: Import | BD3: =IF($B3="","",IF($BE3<>"","Exception",IF($AW3<>"","Incomplete","OK"))) | BE3: =IF($B3="","",_xlfn.TEXTJOIN(" | ",TRUE,IF(AND($K3="Completed",$M3=""),"Completed visit missing Visit Notes",""),IF(AND($K3="Completed",$S3=""),"Completed visit missing Seller Motivation (or add Exception note)",""),IF(AND($AQ3="Offer Sent",OR($X3="",$AA3="")),"Offer Sent needs Approved Offer Amount + Offer Sent Date",""),IF(AND($AQ3="Active Negotiation",OR($AE3="",$AF3="",$AH3="",$AG3="")),"Active Negotiation needs Last Contact Result + Next Action + Owner + Due Date",""),IF(AND($AQ3="Contract Sent",$AT3="",$R3=""),"Contract Sent needs Contract Sent Date or File Link",""),IF(AND($AQ3="Contract Signed",$AU3=""),"Contract Signed needs Contract Signed Date",""),IF(AND($AQ3="Long-Term Nurture",OR($AG3="",$AG3<=TODAY())),"Long-Term Nurture needs an exact FUTURE follow-up date",""),IF(AND($AQ3="Lost / Closed Out",OR($AR3="",$AS3="")),"Lost / Closed Out needs Final Disposition + Closeout Reason",""),IF(AND($AM3="Sent",$AO3=""),"Gift marked Sent without recorded approval",""),IF($AX3="Duplicate","Duplicate active record for this address",""))) | BF3: Yes
A4: TVL-0003 | B4: 519 S 17th St, Richmond, CA 94804 | C4: =IF($B4="","",TRIM(LOWER(SUBSTITUTE(SUBSTITUTE(SUBSTITUTE(SUBSTITUTE(SUBSTITUTE($B4,",",""),".","")," apt "," "),"#","")," unit "," ")))) | D4: Carmen Green | E4: (916) 752-5759 | G4: PPL - Motivated Leads | I4: 46223 | K4: Completed | L4: Juan | M4: Offer sent via email + SignNow contract; Juan following up directly. | S4: Interested in selling (motivation detail not captured in legacy) | Y4: Sent | AD4: 46223 | AE4: Offer emailed; awaiting seller response | AF4: Follow up on sent offer | AG4: 46226 | AH4: Juan | AJ4: =IF($B4="","",IF(AND($AD4="",$BA4="",$I4=""),"",TODAY()-MAX($AD4,$BA4,$I4))) | AK4: =IF($B4="","",IF($AG4="","",IF(TODAY()>$AG4,TODAY()-$AG4,0))) | AL4: =IF($B4="","",IF(OR($AQ4="Lost / Closed Out",$AQ4="Long-Term Nurture",$AQ4="Contract Signed"),"No",IF(MAX($AD4,$BA4,$I4)=0,"No",IF(NETWORKDAYS(MAX($AD4,$BA4,$I4),TODAY())-1>=3,"Yes","No")))) | AQ4: Offer Sent | AW4: =IF(OR($B4="",$AQ4="Lost / Closed Out"),"",_xlfn.TEXTJOIN(", ",TRUE,IF($B4="","Property Address",""),IF($AQ4="","Current Stage",""),IF($AF4="","Next Action",""),IF($AG4="","Next Action Due Date",""),IF($AH4="","Assigned Owner",""),IF($H4="","REI BlackBook Link",""))) | AX4: =IF($C4="","",IF(COUNTIFS($C$2:$C$1000,$C4,$AQ$2:$AQ$1000,"<>Lost / Closed Out")>1,"Duplicate","")) | AY4: =IF($B4="","",IF($AQ4="Verbal Agreement",100,IF($AQ4="Contract Sent",95,IF($AQ4="Active Negotiation",85,IF($AQ4="Offer Sent",70,IF($AQ4="Offer Preparation",60,IF($AQ4="Visit Completed — Needs Review",50,IF($AQ4="Visit Scheduled",30,IF($AQ4="Long-Term Nurture",10,IF($AQ4="Contract Signed",5,0)))))))))+IF($AK4="",0,MIN($AK4,20))+IF($AL4="Yes",5,0)) | AZ4: 46223 | BA4: 46223 | BB4: Import | BC4: Import | BD4: =IF($B4="","",IF($BE4<>"","Exception",IF($AW4<>"","Incomplete","OK"))) | BE4: =IF($B4="","",_xlfn.TEXTJOIN(" | ",TRUE,IF(AND($K4="Completed",$M4=""),"Completed visit missing Visit Notes",""),IF(AND($K4="Completed",$S4=""),"Completed visit missing Seller Motivation (or add Exception note)",""),IF(AND($AQ4="Offer Sent",OR($X4="",$AA4="")),"Offer Sent needs Approved Offer Amount + Offer Sent Date",""),IF(AND($AQ4="Active Negotiation",OR($AE4="",$AF4="",$AH4="",$AG4="")),"Active Negotiation needs Last Contact Result + Next Action + Owner + Due Date",""),IF(AND($AQ4="Contract Sent",$AT4="",$R4=""),"Contract Sent needs Contract Sent Date or File Link",""),IF(AND($AQ4="Contract Signed",$AU4=""),"Contract Signed needs Contract Signed Date",""),IF(AND($AQ4="Long-Term Nurture",OR($AG4="",$AG4<=TODAY())),"Long-Term Nurture needs an exact FUTURE follow-up date",""),IF(AND($AQ4="Lost / Closed Out",OR($AR4="",$AS4="")),"Lost / Closed Out needs Final Disposition + Closeout Reason",""),IF(AND($AM4="Sent",$AO4=""),"Gift marked Sent without recorded approval",""),IF($AX4="Duplicate","Duplicate active record for this address",""))) | BF4: Yes
A5: TVL-0004 | B5: 5 Lancaster Cir Apt 121, Bay Point, CA 94565 | C5: =IF($B5="","",TRIM(LOWER(SUBSTITUTE(SUBSTITUTE(SUBSTITUTE(SUBSTITUTE(SUBSTITUTE($B5,",",""),".","")," apt "," "),"#","")," unit "," ")))) | D5: Dorol Conrad | E5: (415) 370-9841 | G5: PPL - Property Leads | I5: 46223 | K5: Canceled | M5: Equity 100% but property already listed on the MLS. | AJ5: =IF($B5="","",IF(AND($AD5="",$BA5="",$I5=""),"",TODAY()-MAX($AD5,$BA5,$I5))) | AK5: =IF($B5="","",IF($AG5="","",IF(TODAY()>$AG5,TODAY()-$AG5,0))) | AL5: =IF($B5="","",IF(OR($AQ5="Lost / Closed Out",$AQ5="Long-Term Nurture",$AQ5="Contract Signed"),"No",IF(MAX($AD5,$BA5,$I5)=0,"No",IF(NETWORKDAYS(MAX($AD5,$BA5,$I5),TODAY())-1>=3,"Yes","No")))) | AQ5: Lost / Closed Out | AR5: Lost | AS5: We're Passing — already listed on MLS | AW5: =IF(OR($B5="",$AQ5="Lost / Closed Out"),"",_xlfn.TEXTJOIN(", ",TRUE,IF($B5="","Property Address",""),IF($AQ5="","Current Stage",""),IF($AF5="","Next Action",""),IF($AG5="","Next Action Due Date",""),IF($AH5="","Assigned Owner",""),IF($H5="","REI BlackBook Link",""))) | AX5: =IF($C5="","",IF(COUNTIFS($C$2:$C$1000,$C5,$AQ$2:$AQ$1000,"<>Lost / Closed Out")>1,"Duplicate","")) | AY5: =IF($B5="","",IF($AQ5="Verbal Agreement",100,IF($AQ5="Contract Sent",95,IF($AQ5="Active Negotiation",85,IF($AQ5="Offer Sent",70,IF($AQ5="Offer Preparation",60,IF($AQ5="Visit Completed — Needs Review",50,IF($AQ5="Visit Scheduled",30,IF($AQ5="Long-Term Nurture",10,IF($AQ5="Contract Signed",5,0)))))))))+IF($AK5="",0,MIN($AK5,20))+IF($AL5="Yes",5,0)) | AZ5: 46223 | BA5: 46223 | BB5: Import | BC5: Import | BD5: =IF($B5="","",IF($BE5<>"","Exception",IF($AW5<>"","Incomplete","OK"))) | BE5: =IF($B5="","",_xlfn.TEXTJOIN(" | ",TRUE,IF(AND($K5="Completed",$M5=""),"Completed visit missing Visit Notes",""),IF(AND($K5="Completed",$S5=""),"Completed visit missing Seller Motivation (or add Exception note)",""),IF(AND($AQ5="Offer Sent",OR($X5="",$AA5="")),"Offer Sent needs Approved Offer Amount + Offer Sent Date",""),IF(AND($AQ5="Active Negotiation",OR($AE5="",$AF5="",$AH5="",$AG5="")),"Active Negotiation needs Last Contact Result + Next Action + Owner + Due Date",""),IF(AND($AQ5="Contract Sent",$AT5="",$R5=""),"Contract Sent needs Contract Sent Date or File Link",""),IF(AND($AQ5="Contract Signed",$AU5=""),"Contract Signed needs Contract Signed Date",""),IF(AND($AQ5="Long-Term Nurture",OR($AG5="",$AG5<=TODAY())),"Long-Term Nurture needs an exact FUTURE follow-up date",""),IF(AND($AQ5="Lost / Closed Out",OR($AR5="",$AS5="")),"Lost / Closed Out needs Final Disposition + Closeout Reason",""),IF(AND($AM5="Sent",$AO5=""),"Gift marked Sent without recorded approval",""),IF($AX5="Duplicate","Duplicate active record for this address","")))
A6: TVL-0005 | B6: 15340 Canyon 2 Rd, Guerneville, CA 95446 | C6: =IF($B6="","",TRIM(LOWER(SUBSTITUTE(SUBSTITUTE(SUBSTITUTE(SUBSTITUTE(SUBSTITUTE($B6,",",""),".","")," apt "," "),"#","")," unit "," ")))) | D6: Jon Box | E6: (707) 481-7040 | G6: PPL - Property Leads | I6: 46223 | K6: Canceled | L6: Juan | M6: Passing on this lead. | AJ6: =IF($B6="","",IF(AND($AD6="",$BA6="",$I6=""),"",TODAY()-MAX($AD6,$BA6,$I6))) | AK6: =IF($B6="","",IF($AG6="","",IF(TODAY()>$AG6,TODAY()-$AG6,0))) | AL6: =IF($B6="","",IF(OR($AQ6="Lost / Closed Out",$AQ6="Long-Term Nurture",$AQ6="Contract Signed"),"No",IF(MAX($AD6,$BA6,$I6)=0,"No",IF(NETWORKDAYS(MAX($AD6,$BA6,$I6),TODAY())-1>=3,"Yes","No")))) | AQ6: Lost / Closed Out | AR6: Lost | AS6: We're Passing | AW6: =IF(OR($B6="",$AQ6="Lost / Closed Out"),"",_xlfn.TEXTJOIN(", ",TRUE,IF($B6="","Property Address",""),IF($AQ6="","Current Stage",""),IF($AF6="","Next Action",""),IF($AG6="","Next Action Due Date",""),IF($AH6="","Assigned Owner",""),IF($H6="","REI BlackBook Link",""))) | AX6: =IF($C6="","",IF(COUNTIFS($C$2:$C$1000,$C6,$AQ$2:$AQ$1000,"<>Lost / Closed Out")>1,"Duplicate","")) | AY6: =IF($B6="","",IF($AQ6="Verbal Agreement",100,IF($AQ6="Contract Sent",95,IF($AQ6="Active Negotiation",85,IF($AQ6="Offer Sent",70,IF($AQ6="Offer Preparation",60,IF($AQ6="Visit Completed — Needs Review",50,IF($AQ6="Visit Scheduled",30,IF($AQ6="Long-Term Nurture",10,IF($AQ6="Contract Signed",5,0)))))))))+IF($AK6="",0,MIN($AK6,20))+IF($AL6="Yes",5,0)) | AZ6: 46221 | BA6: 46221 | BB6: Import | BC6: Import | BD6: =IF($B6="","",IF($BE6<>"","Exception",IF($AW6<>"","Incomplete","OK"))) | BE6: =IF($B6="","",_xlfn.TEXTJOIN(" | ",TRUE,IF(AND($K6="Completed",$M6=""),"Completed visit missing Visit Notes",""),IF(AND($K6="Completed",$S6=""),"Completed visit missing Seller Motivation (or add Exception note)",""),IF(AND($AQ6="Offer Sent",OR($X6="",$AA6="")),"Offer Sent needs Approved Offer Amount + Offer Sent Date",""),IF(AND($AQ6="Active Negotiation",OR($AE6="",$AF6="",$AH6="",$AG6="")),"Active Negotiation needs Last Contact Result + Next Action + Owner + Due Date",""),IF(AND($AQ6="Contract Sent",$AT6="",$R6=""),"Contract Sent needs Contract Sent Date or File Link",""),IF(AND($AQ6="Contract Signed",$AU6=""),"Contract Signed needs Contract Signed Date",""),IF(AND($AQ6="Long-Term Nurture",OR($AG6="",$AG6<=TODAY())),"Long-Term Nurture needs an exact FUTURE follow-up date",""),IF(AND($AQ6="Lost / Closed Out",OR($AR6="",$AS6="")),"Lost / Closed Out needs Final Disposition + Closeout Reason",""),IF(AND($AM6="Sent",$AO6=""),"Gift marked Sent without recorded approval",""),IF($AX6="Duplicate","Duplicate active record for this address","")))
A7: TVL-0006 | B7: 18 Hampton Rd, Occidental, CA 95465 | C7: =IF($B7="","",TRIM(LOWER(SUBSTITUTE(SUBSTITUTE(SUBSTITUTE(SUBSTITUTE(SUBSTITUTE($B7,",",""),".","")," apt "," "),"#","")," unit "," ")))) | D7: Chris J. Giro | E7: (707) 292-9001 | G7: PPC | I7: 46221 | K7: Completed | L7: Juan | M7: House is structurally failing; passing. | S7: Motivated but property condition too poor for our criteria | AJ7: =IF($B7="","",IF(AND($AD7="",$BA7="",$I7=""),"",TODAY()-MAX($AD7,$BA7,$I7))) | AK7: =IF($B7="","",IF($AG7="","",IF(TODAY()>$AG7,TODAY()-$AG7,0))) | AL7: =IF($B7="","",IF(OR($AQ7="Lost / Closed Out",$AQ7="Long-Term Nurture",$AQ7="Contract Signed"),"No",IF(MAX($AD7,$BA7,$I7)=0,"No",IF(NETWORKDAYS(MAX($AD7,$BA7,$I7),TODAY())-1>=3,"Yes","No")))) | AQ7: Lost / Closed Out | AR7: Lost | AS7: We're Passing — structural condition | AW7: =IF(OR($B7="",$AQ7="Lost / Closed Out"),"",_xlfn.TEXTJOIN(", ",TRUE,IF($B7="","Property Address",""),IF($AQ7="","Current Stage",""),IF($AF7="","Next Action",""),IF($AG7="","Next Action Due Date",""),IF($AH7="","Assigned Owner",""),IF($H7="","REI BlackBook Link",""))) | AX7: =IF($C7="","",IF(COUNTIFS($C$2:$C$1000,$C7,$AQ$2:$AQ$1000,"<>Lost / Closed Out")>1,"Duplicate","")) | AY7: =IF($B7="","",IF($AQ7="Verbal Agreement",100,IF($AQ7="Contract Sent",95,IF($AQ7="Active Negotiation",85,IF($AQ7="Offer Sent",70,IF($AQ7="Offer Preparation",60,IF($AQ7="Visit Completed — Needs Review",50,IF($AQ7="Visit Scheduled",30,IF($AQ7="Long-Term Nurture",10,IF($AQ7="Contract Signed",5,0)))))))))+IF($AK7="",0,MIN($AK7,20))+IF($AL7="Yes",5,0)) | AZ7: 46219 | BA7: 46221 | BB7: Import | BC7: Import | BD7: =IF($B7="","",IF($BE7<>"","Exception",IF($AW7<>"","Incomplete","OK"))) | BE7: =IF($B7="","",_xlfn.TEXTJOIN(" | ",TRUE,IF(AND($K7="Completed",$M7=""),"Completed visit missing Visit Notes",""),IF(AND($K7="Completed",$S7=""),"Completed visit missing Seller Motivation (or add Exception note)",""),IF(AND($AQ7="Offer Sent",OR($X7="",$AA7="")),"Offer Sent needs Approved Offer Amount + Offer Sent Date",""),IF(AND($AQ7="Active Negotiation",OR($AE7="",$AF7="",$AH7="",$AG7="")),"Active Negotiation needs Last Contact Result + Next Action + Owner + Due Date",""),IF(AND($AQ7="Contract Sent",$AT7="",$R7=""),"Contract Sent needs Contract Sent Date or File Link",""),IF(AND($AQ7="Contract Signed",$AU7=""),"Contract Signed needs Contract Signed Date",""),IF(AND($AQ7="Long-Term Nurture",OR($AG7="",$AG7<=TODAY())),"Long-Term Nurture needs an exact FUTURE follow-up date",""),IF(AND($AQ7="Lost / Closed Out",OR($AR7="",$AS7="")),"Lost / Closed Out needs Final Disposition + Closeout Reason",""),IF(AND($AM7="Sent",$AO7=""),"Gift marked Sent without recorded approval",""),IF($AX7="Duplicate","Duplicate active record for this address","")))
A8: TVL-0007 | B8: 4107 Randolph Ave, Oakland, CA 94602 | C8: =IF($B8="","",TRIM(LOWER(SUBSTITUTE(SUBSTITUTE(SUBSTITUTE(SUBSTITUTE(SUBSTITUTE($B8,",",""),".","")," apt "," "),"#","")," unit "," ")))) | D8: Yvette D Rose | E8: (510) 457-6727 | G8: TV | I8: 46221 | K8: Completed | M8: Heavily tenant-occupied; City of Oakland code violations. | O8: Tenant-Occupied | S8: Good location but tenant/code issues; passing | AI8: Tenant | AJ8: =IF($B8="","",IF(AND($AD8="",$BA8="",$I8=""),"",TODAY()-MAX($AD8,$BA8,$I8))) | AK8: =IF($B8="","",IF($AG8="","",IF(TODAY()>$AG8,TODAY()-$AG8,0))) | AL8: =IF($B8="","",IF(OR($AQ8="Lost / Closed Out",$AQ8="Long-Term Nurture",$AQ8="Contract Signed"),"No",IF(MAX($AD8,$BA8,$I8)=0,"No",IF(NETWORKDAYS(MAX($AD8,$BA8,$I8),TODAY())-1>=3,"Yes","No")))) | AQ8: Lost / Closed Out | AR8: Lost | AS8: We're Passing — tenant-occupied + code violations | AW8: =IF(OR($B8="",$AQ8="Lost / Closed Out"),"",_xlfn.TEXTJOIN(", ",TRUE,IF($B8="","Property Address",""),IF($AQ8="","Current Stage",""),IF($AF8="","Next Action",""),IF($AG8="","Next Action Due Date",""),IF($AH8="","Assigned Owner",""),IF($H8="","REI BlackBook Link",""))) | AX8: =IF($C8="","",IF(COUNTIFS($C$2:$C$1000,$C8,$AQ$2:$AQ$1000,"<>Lost / Closed Out")>1,"Duplicate","")) | AY8: =IF($B8="","",IF($AQ8="Verbal Agreement",100,IF($AQ8="Contract Sent",95,IF($AQ8="Active Negotiation",85,IF($AQ8="Offer Sent",70,IF($AQ8="Offer Preparation",60,IF($AQ8="Visit Completed — Needs Review",50,IF($AQ8="Visit Scheduled",30,IF($AQ8="Long-Term Nurture",10,IF($AQ8="Contract Signed",5,0)))))))))+IF($AK8="",0,MIN($AK8,20))+IF($AL8="Yes",5,0)) | AZ8: 46219 | BA8: 46220 | BB8: Import | BC8: Import | BD8: =IF($B8="","",IF($BE8<>"","Exception",IF($AW8<>"","Incomplete","OK"))) | BE8: =IF($B8="","",_xlfn.TEXTJOIN(" | ",TRUE,IF(AND($K8="Completed",$M8=""),"Completed visit missing Visit Notes",""),IF(AND($K8="Completed",$S8=""),"Completed visit missing Seller Motivation (or add Exception note)",""),IF(AND($AQ8="Offer Sent",OR($X8="",$AA8="")),"Offer Sent needs Approved Offer Amount + Offer Sent Date",""),IF(AND($AQ8="Active Negotiation",OR($AE8="",$AF8="",$AH8="",$AG8="")),"Active Negotiation needs Last Contact Result + Next Action + Owner + Due Date",""),IF(AND($AQ8="Contract Sent",$AT8="",$R8=""),"Contract Sent needs Contract Sent Date or File Link",""),IF(AND($AQ8="Contract Signed",$AU8=""),"Contract Signed needs Contract Signed Date",""),IF(AND($AQ8="Long-Term Nurture",OR($AG8="",$AG8<=TODAY())),"Long-Term Nurture needs an exact FUTURE follow-up date",""),IF(AND($AQ8="Lost / Closed Out",OR($AR8="",$AS8="")),"Lost / Closed Out needs Final Disposition + Closeout Reason",""),IF(AND($AM8="Sent",$AO8=""),"Gift marked Sent without recorded approval",""),IF($AX8="Duplicate","Duplicate active record for this address","")))
A9: TVL-0008 | B9: 16125 Bittner Rd, Occidental, CA 95465 | C9: =IF($B9="","",TRIM(LOWER(SUBSTITUTE(SUBSTITUTE(SUBSTITUTE(SUBSTITUTE(SUBSTITUTE($B9,",",""),".","")," apt "," "),"#","")," unit "," ")))) | D9: Liam | E9: (530) 545-1943 | G9: PPL - Property Leads | I9: 46218 | K9: Canceled | M9: Internal cancellation of confirmed visit; passing. | AJ9: =IF($B9="","",IF(AND($AD9="",$BA9="",$I9=""),"",TODAY()-MAX($AD9,$BA9,$I9))) | AK9: =IF($B9="","",IF($AG9="","",IF(TODAY()>$AG9,TODAY()-$AG9,0))) | AL9: =IF($B9="","",IF(OR($AQ9="Lost / Closed Out",$AQ9="Long-Term Nurture",$AQ9="Contract Signed"),"No",IF(MAX($AD9,$BA9,$I9)=0,"No",IF(NETWORKDAYS(MAX($AD9,$BA9,$I9),TODAY())-1>=3,"Yes","No")))) | AQ9: Lost / Closed Out | AR9: Lost | AS9: We're Passing — internal cancellation | AW9: =IF(OR($B9="",$AQ9="Lost / Closed Out"),"",_xlfn.TEXTJOIN(", ",TRUE,IF($B9="","Property Address",""),IF($AQ9="","Current Stage",""),IF($AF9="","Next Action",""),IF($AG9="","Next Action Due Date",""),IF($AH9="","Assigned Owner",""),IF($H9="","REI BlackBook Link",""))) | AX9: =IF($C9="","",IF(COUNTIFS($C$2:$C$1000,$C9,$AQ$2:$AQ$1000,"<>Lost / Closed Out")>1,"Duplicate","")) | AY9: =IF($B9="","",IF($AQ9="Verbal Agreement",100,IF($AQ9="Contract Sent",95,IF($AQ9="Active Negotiation",85,IF($AQ9="Offer Sent",70,IF($AQ9="Offer Preparation",60,IF($AQ9="Visit Completed — Needs Review",50,IF($AQ9="Visit Scheduled",30,IF($AQ9="Long-Term Nurture",10,IF($AQ9="Contract Signed",5,0)))))))))+IF($AK9="",0,MIN($AK9,20))+IF($AL9="Yes",5,0)) | AZ9: 46218 | BA9: 46218 | BB9: Import | BC9: Import | BD9: =IF($B9="","",IF($BE9<>"","Exception",IF($AW9<>"","Incomplete","OK"))) | BE9: =IF($B9="","",_xlfn.TEXTJOIN(" | ",TRUE,IF(AND($K9="Completed",$M9=""),"Completed visit missing Visit Notes",""),IF(AND($K9="Completed",$S9=""),"Completed visit missing Seller Motivation (or add Exception note)",""),IF(AND($AQ9="Offer Sent",OR($X9="",$AA9="")),"Offer Sent needs Approved Offer Amount + Offer Sent Date",""),IF(AND($AQ9="Active Negotiation",OR($AE9="",$AF9="",$AH9="",$AG9="")),"Active Negotiation needs Last Contact Result + Next Action + Owner + Due Date",""),IF(AND($AQ9="Contract Sent",$AT9="",$R9=""),"Contract Sent needs Contract Sent Date or File Link",""),IF(AND($AQ9="Contract Signed",$AU9=""),"Contract Signed needs Contract Signed Date",""),IF(AND($AQ9="Long-Term Nurture",OR($AG9="",$AG9<=TODAY())),"Long-Term Nurture needs an exact FUTURE follow-up date",""),IF(AND($AQ9="Lost / Closed Out",OR($AR9="",$AS9="")),"Lost / Closed Out needs Final Disposition + Closeout Reason",""),IF(AND($AM9="Sent",$AO9=""),"Gift marked Sent without recorded approval",""),IF($AX9="Duplicate","Duplicate active record for this address","")))
A10: TVL-0009 | B10: 39224 Guardino Dr Apt 208, Fremont, CA 94538 | C10: =IF($B10="","",TRIM(LOWER(SUBSTITUTE(SUBSTITUTE(SUBSTITUTE(SUBSTITUTE(SUBSTITUTE($B10,",",""),".","")," apt "," "),"#","")," unit "," ")))) | D10: James White | E10: (209) 221-1240 | G10: PPL - Property Leads | I10: 46217 | K10: Completed | L10: Cesar | M10: Offer emailed; James (trustee) + sister Lisa reviewing together. Cherry following up. | S10: Trustee sale; reviewing offer with family | Y10: Sent | AD10: 46218 | AE10: Cherry emailing offer breakdown; family reviewing | AF10: Follow up on offer with James/Lisa | AG10: 46220 | AH10: Cherry | AI10: Family | AJ10: =IF($B10="","",IF(AND($AD10="",$BA10="",$I10=""),"",TODAY()-MAX($AD10,$BA10,$I10))) | AK10: =IF($B10="","",IF($AG10="","",IF(TODAY()>$AG10,TODAY()-$AG10,0))) | AL10: =IF($B10="","",IF(OR($AQ10="Lost / Closed Out",$AQ10="Long-Term Nurture",$AQ10="Contract Signed"),"No",IF(MAX($AD10,$BA10,$I10)=0,"No",IF(NETWORKDAYS(MAX($AD10,$BA10,$I10),TODAY())-1>=3,"Yes","No")))) | AQ10: Offer Sent | AW10: =IF(OR($B10="",$AQ10="Lost / Closed Out"),"",_xlfn.TEXTJOIN(", ",TRUE,IF($B10="","Property Address",""),IF($AQ10="","Current Stage",""),IF($AF10="","Next Action",""),IF($AG10="","Next Action Due Date",""),IF($AH10="","Assigned Owner",""),IF($H10="","REI BlackBook Link",""))) | AX10: =IF($C10="","",IF(COUNTIFS($C$2:$C$1000,$C10,$AQ$2:$AQ$1000,"<>Lost / Closed Out")>1,"Duplicate","")) | AY10: =IF($B10="","",IF($AQ10="Verbal Agreement",100,IF($AQ10="Contract Sent",95,IF($AQ10="Active Negotiation",85,IF($AQ10="Offer Sent",70,IF($AQ10="Offer Preparation",60,IF($AQ10="Visit Completed — Needs Review",50,IF($AQ10="Visit Scheduled",30,IF($AQ10="Long-Term Nurture",10,IF($AQ10="Contract Signed",5,0)))))))))+IF($AK10="",0,MIN($AK10,20))+IF($AL10="Yes",5,0)) | AZ10: 46217 | BA10: 46218 | BB10: Import | BC10: Import | BD10: =IF($B10="","",IF($BE10<>"","Exception",IF($AW10<>"","Incomplete","OK"))) | BE10: =IF($B10="","",_xlfn.TEXTJOIN(" | ",TRUE,IF(AND($K10="Completed",$M10=""),"Completed visit missing Visit Notes",""),IF(AND($K10="Completed",$S10=""),"Completed visit missing Seller Motivation (or add Exception note)",""),IF(AND($AQ10="Offer Sent",OR($X10="",$AA10="")),"Offer Sent needs Approved Offer Amount + Offer Sent Date",""),IF(AND($AQ10="Active Negotiation",OR($AE10="",$AF10="",$AH10="",$AG10="")),"Active Negotiation needs Last Contact Result + Next Action + Owner + Due Date",""),IF(AND($AQ10="Contract Sent",$AT10="",$R10=""),"Contract Sent needs Contract Sent Date or File Link",""),IF(AND($AQ10="Contract Signed",$AU10=""),"Contract Signed needs Contract Signed Date",""),IF(AND($AQ10="Long-Term Nurture",OR($AG10="",$AG10<=TODAY())),"Long-Term Nurture needs an exact FUTURE follow-up date",""),IF(AND($AQ10="Lost / Closed Out",OR($AR10="",$AS10="")),"Lost / Closed Out needs Final Disposition + Closeout Reason",""),IF(AND($AM10="Sent",$AO10=""),"Gift marked Sent without recorded approval",""),IF($AX10="Duplicate","Duplicate active record for this address",""))) | BF10: Yes
A11: TVL-0010 | B11: 1323 Oxford St, Berkeley, CA 94709 | C11: =IF($B11="","",TRIM(LOWER(SUBSTITUTE(SUBSTITUTE(SUBSTITUTE(SUBSTITUTE(SUBSTITUTE($B11,",",""),".","")," apt "," "),"#","")," unit "," ")))) | D11: Mark Lempert | E11: (510) 816-1221 | G11: Direct Mail - Postcard | I11: 46216 | K11: Completed | L11: Cesar | M11: SERVICE FAILURE: walkthrough done 7/13 but no offer ever sent; seller displeased. | S11: Was open to offer; lost due to our delay/no-offer | AI11: Documents | AJ11: =IF($B11="","",IF(AND($AD11="",$BA11="",$I11=""),"",TODAY()-MAX($AD11,$BA11,$I11))) | AK11: =IF($B11="","",IF($AG11="","",IF(TODAY()>$AG11,TODAY()-$AG11,0))) | AL11: =IF($B11="","",IF(OR($AQ11="Lost / Closed Out",$AQ11="Long-Term Nurture",$AQ11="Contract Signed"),"No",IF(MAX($AD11,$BA11,$I11)=0,"No",IF(NETWORKDAYS(MAX($AD11,$BA11,$I11),TODAY())-1>=3,"Yes","No")))) | AQ11: Lost / Closed Out | AR11: Lost | AS11: Did Not Proceed — service failure (no offer sent) | AW11: =IF(OR($B11="",$AQ11="Lost / Closed Out"),"",_xlfn.TEXTJOIN(", ",TRUE,IF($B11="","Property Address",""),IF($AQ11="","Current Stage",""),IF($AF11="","Next Action",""),IF($AG11="","Next Action Due Date",""),IF($AH11="","Assigned Owner",""),IF($H11="","REI BlackBook Link",""))) | AX11: =IF($C11="","",IF(COUNTIFS($C$2:$C$1000,$C11,$AQ$2:$AQ$1000,"<>Lost / Closed Out")>1,"Duplicate","")) | AY11: =IF($B11="","",IF($AQ11="Verbal Agreement",100,IF($AQ11="Contract Sent",95,IF($AQ11="Active Negotiation",85,IF($AQ11="Offer Sent",70,IF($AQ11="Offer Preparation",60,IF($AQ11="Visit Completed — Needs Review",50,IF($AQ11="Visit Scheduled",30,IF($AQ11="Long-Term Nurture",10,IF($AQ11="Contract Signed",5,0)))))))))+IF($AK11="",0,MIN($AK11,20))+IF($AL11="Yes",5,0)) | AZ11: 46216 | BA11: 46218 | BB11: Import | BC11: Import | BD11: =IF($B11="","",IF($BE11<>"","Exception",IF($AW11<>"","Incomplete","OK"))) | BE11: =IF($B11="","",_xlfn.TEXTJOIN(" | ",TRUE,IF(AND($K11="Completed",$M11=""),"Completed visit missing Visit Notes",""),IF(AND($K11="Completed",$S11=""),"Completed visit missing Seller Motivation (or add Exception note)",""),IF(AND($AQ11="Offer Sent",OR($X11="",$AA11="")),"Offer Sent needs Approved Offer Amount + Offer Sent Date",""),IF(AND($AQ11="Active Negotiation",OR($AE11="",$AF11="",$AH11="",$AG11="")),"Active Negotiation needs Last Contact Result + Next Action + Owner + Due Date",""),IF(AND($AQ11="Contract Sent",$AT11="",$R11=""),"Contract Sent needs Contract Sent Date or File Link",""),IF(AND($AQ11="Contract Signed",$AU11=""),"Contract Signed needs Contract Signed Date",""),IF(AND($AQ11="Long-Term Nurture",OR($AG11="",$AG11<=TODAY())),"Long-Term Nurture needs an exact FUTURE follow-up date",""),IF(AND($AQ11="Lost / Closed Out",OR($AR11="",$AS11="")),"Lost / Closed Out needs Final Disposition + Closeout Reason",""),IF(AND($AM11="Sent",$AO11=""),"Gift marked Sent without recorded approval",""),IF($AX11="Duplicate","Duplicate active record for this address","")))
A12: TEST-01 | B12: 100 Test Verbal Ln, Testville, CA 90001 | C12: =IF($B12="","",TRIM(LOWER(SUBSTITUTE(SUBSTITUTE(SUBSTITUTE(SUBSTITUTE(SUBSTITUTE($B12,",",""),".","")," apt "," "),"#","")," unit "," ")))) | D12: Val Verbal | E12: (000) 000-0001 | G12: PPC | H12: https://app.reiblackbook.com/lead/test01 | I12: 46221 | K12: Completed | L12: Juan | M12: Great condition; seller keen. | S12: Relocating for job — motivated | X12: 640000 | Y12: Accepted | AA12: 46222 | AD12: 46224 | AE12: Seller verbally agreed to $640k | AF12: Prepare purchase contract | AG12: 46226 | AH12: Kyle | AJ12: =IF($B12="","",IF(AND($AD12="",$BA12="",$I12=""),"",TODAY()-MAX($AD12,$BA12,$I12))) | AK12: =IF($B12="","",IF($AG12="","",IF(TODAY()>$AG12,TODAY()-$AG12,0))) | AL12: =IF($B12="","",IF(OR($AQ12="Lost / Closed Out",$AQ12="Long-Term Nurture",$AQ12="Contract Signed"),"No",IF(MAX($AD12,$BA12,$I12)=0,"No",IF(NETWORKDAYS(MAX($AD12,$BA12,$I12),TODAY())-1>=3,"Yes","No")))) | AQ12: Verbal Agreement | AW12: =IF(OR($B12="",$AQ12="Lost / Closed Out"),"",_xlfn.TEXTJOIN(", ",TRUE,IF($B12="","Property Address",""),IF($AQ12="","Current Stage",""),IF($AF12="","Next Action",""),IF($AG12="","Next Action Due Date",""),IF($AH12="","Assigned Owner",""),IF($H12="","REI BlackBook Link",""))) | AX12: =IF($C12="","",IF(COUNTIFS($C$2:$C$1000,$C12,$AQ$2:$AQ$1000,"<>Lost / Closed Out")>1,"Duplicate","")) | AY12: =IF($B12="","",IF($AQ12="Verbal Agreement",100,IF($AQ12="Contract Sent",95,IF($AQ12="Active Negotiation",85,IF($AQ12="Offer Sent",70,IF($AQ12="Offer Preparation",60,IF($AQ12="Visit Completed — Needs Review",50,IF($AQ12="Visit Scheduled",30,IF($AQ12="Long-Term Nurture",10,IF($AQ12="Contract Signed",5,0)))))))))+IF($AK12="",0,MIN($AK12,20))+IF($AL12="Yes",5,0)) | AZ12: 46221 | BA12: 46224 | BB12: Cherry | BC12: TEST | BD12: =IF($B12="","",IF($BE12<>"","Exception",IF($AW12<>"","Incomplete","OK"))) | BE12: =IF($B12="","",_xlfn.TEXTJOIN(" | ",TRUE,IF(AND($K12="Completed",$M12=""),"Completed visit missing Visit Notes",""),IF(AND($K12="Completed",$S12=""),"Completed visit missing Seller Motivation (or add Exception note)",""),IF(AND($AQ12="Offer Sent",OR($X12="",$AA12="")),"Offer Sent needs Approved Offer Amount + Offer Sent Date",""),IF(AND($AQ12="Active Negotiation",OR($AE12="",$AF12="",$AH12="",$AG12="")),"Active Negotiation needs Last Contact Result + Next Action + Owner + Due Date",""),IF(AND($AQ12="Contract Sent",$AT12="",$R12=""),"Contract Sent needs Contract Sent Date or File Link",""),IF(AND($AQ12="Contract Signed",$AU12=""),"Contract Signed needs Contract Signed Date",""),IF(AND($AQ12="Long-Term Nurture",OR($AG12="",$AG12<=TODAY())),"Long-Term Nurture needs an exact FUTURE follow-up date",""),IF(AND($AQ12="Lost / Closed Out",OR($AR12="",$AS12="")),"Lost / Closed Out needs Final Disposition + Closeout Reason",""),IF(AND($AM12="Sent",$AO12=""),"Gift marked Sent without recorded approval",""),IF($AX12="Duplicate","Duplicate active record for this address",""))) | BF12: Yes
A13: TEST-02 | B13: 200 Test Contract Sent Ave, Testville, CA 90002 | C13: =IF($B13="","",TRIM(LOWER(SUBSTITUTE(SUBSTITUTE(SUBSTITUTE(SUBSTITUTE(SUBSTITUTE($B13,",",""),".","")," apt "," "),"#","")," unit "," ")))) | D13: Sam Sent | E13: (000) 000-0002 | G13: TV | H13: https://app.reiblackbook.com/lead/test02 | I13: 46218 | K13: Completed | L13: Juan | M13: Clean title; ready to move. | R13: https://drive.google.com/test02-contract | S13: Downsizing — motivated | X13: 720000 | Y13: Accepted | AA13: 46219 | AD13: 46224 | AE13: Seller reviewing contract | AF13: Confirm signature | AG13: 46225 | AH13: Cherry | AJ13: =IF($B13="","",IF(AND($AD13="",$BA13="",$I13=""),"",TODAY()-MAX($AD13,$BA13,$I13))) | AK13: =IF($B13="","",IF($AG13="","",IF(TODAY()>$AG13,TODAY()-$AG13,0))) | AL13: =IF($B13="","",IF(OR($AQ13="Lost / Closed Out",$AQ13="Long-Term Nurture",$AQ13="Contract Signed"),"No",IF(MAX($AD13,$BA13,$I13)=0,"No",IF(NETWORKDAYS(MAX($AD13,$BA13,$I13),TODAY())-1>=3,"Yes","No")))) | AQ13: Contract Sent | AT13: 46223 | AW13: =IF(OR($B13="",$AQ13="Lost / Closed Out"),"",_xlfn.TEXTJOIN(", ",TRUE,IF($B13="","Property Address",""),IF($AQ13="","Current Stage",""),IF($AF13="","Next Action",""),IF($AG13="","Next Action Due Date",""),IF($AH13="","Assigned Owner",""),IF($H13="","REI BlackBook Link",""))) | AX13: =IF($C13="","",IF(COUNTIFS($C$2:$C$1000,$C13,$AQ$2:$AQ$1000,"<>Lost / Closed Out")>1,"Duplicate","")) | AY13: =IF($B13="","",IF($AQ13="Verbal Agreement",100,IF($AQ13="Contract Sent",95,IF($AQ13="Active Negotiation",85,IF($AQ13="Offer Sent",70,IF($AQ13="Offer Preparation",60,IF($AQ13="Visit Completed — Needs Review",50,IF($AQ13="Visit Scheduled",30,IF($AQ13="Long-Term Nurture",10,IF($AQ13="Contract Signed",5,0)))))))))+IF($AK13="",0,MIN($AK13,20))+IF($AL13="Yes",5,0)) | AZ13: 46218 | BA13: 46224 | BB13: Cherry | BC13: TEST | BD13: =IF($B13="","",IF($BE13<>"","Exception",IF($AW13<>"","Incomplete","OK"))) | BE13: =IF($B13="","",_xlfn.TEXTJOIN(" | ",TRUE,IF(AND($K13="Completed",$M13=""),"Completed visit missing Visit Notes",""),IF(AND($K13="Completed",$S13=""),"Completed visit missing Seller Motivation (or add Exception note)",""),IF(AND($AQ13="Offer Sent",OR($X13="",$AA13="")),"Offer Sent needs Approved Offer Amount + Offer Sent Date",""),IF(AND($AQ13="Active Negotiation",OR($AE13="",$AF13="",$AH13="",$AG13="")),"Active Negotiation needs Last Contact Result + Next Action + Owner + Due Date",""),IF(AND($AQ13="Contract Sent",$AT13="",$R13=""),"Contract Sent needs Contract Sent Date or File Link",""),IF(AND($AQ13="Contract Signed",$AU13=""),"Contract Signed needs Contract Signed Date",""),IF(AND($AQ13="Long-Term Nurture",OR($AG13="",$AG13<=TODAY())),"Long-Term Nurture needs an exact FUTURE follow-up date",""),IF(AND($AQ13="Lost / Closed Out",OR($AR13="",$AS13="")),"Lost / Closed Out needs Final Disposition + Closeout Reason",""),IF(AND($AM13="Sent",$AO13=""),"Gift marked Sent without recorded approval",""),IF($AX13="Duplicate","Duplicate active record for this address",""))) | BF13: Yes
A14: TEST-03 | B14: 300 Test Signed Blvd, Testville, CA 90003 | C14: =IF($B14="","",TRIM(LOWER(SUBSTITUTE(SUBSTITUTE(SUBSTITUTE(SUBSTITUTE(SUBSTITUTE($B14,",",""),".","")," apt "," "),"#","")," unit "," ")))) | D14: Sid Signed | E14: (000) 000-0003 | G14: Direct Mail | H14: https://app.reiblackbook.com/lead/test03 | I14: 46213 | K14: Completed | L14: Juan | M14: Signed. | S14: Estate sale — motivated | X14: 555000 | Y14: Accepted | AA14: 46214 | AD14: 46221 | AE14: Contract signed | AF14: Hand off signed contract to JM | AG14: 46223 | AH14: JM | AJ14: =IF($B14="","",IF(AND($AD14="",$BA14="",$I14=""),"",TODAY()-MAX($AD14,$BA14,$I14))) | AK14: =IF($B14="","",IF($AG14="","",IF(TODAY()>$AG14,TODAY()-$AG14,0))) | AL14: =IF($B14="","",IF(OR($AQ14="Lost / Closed Out",$AQ14="Long-Term Nurture",$AQ14="Contract Signed"),"No",IF(MAX($AD14,$BA14,$I14)=0,"No",IF(NETWORKDAYS(MAX($AD14,$BA14,$I14),TODAY())-1>=3,"Yes","No")))) | AQ14: Contract Signed | AR14: Contracted | AT14: 46217 | AU14: 46221 | AV14: Ready for Handoff | AW14: =IF(OR($B14="",$AQ14="Lost / Closed Out"),"",_xlfn.TEXTJOIN(", ",TRUE,IF($B14="","Property Address",""),IF($AQ14="","Current Stage",""),IF($AF14="","Next Action",""),IF($AG14="","Next Action Due Date",""),IF($AH14="","Assigned Owner",""),IF($H14="","REI BlackBook Link",""))) | AX14: =IF($C14="","",IF(COUNTIFS($C$2:$C$1000,$C14,$AQ$2:$AQ$1000,"<>Lost / Closed Out")>1,"Duplicate","")) | AY14: =IF($B14="","",IF($AQ14="Verbal Agreement",100,IF($AQ14="Contract Sent",95,IF($AQ14="Active Negotiation",85,IF($AQ14="Offer Sent",70,IF($AQ14="Offer Preparation",60,IF($AQ14="Visit Completed — Needs Review",50,IF($AQ14="Visit Scheduled",30,IF($AQ14="Long-Term Nurture",10,IF($AQ14="Contract Signed",5,0)))))))))+IF($AK14="",0,MIN($AK14,20))+IF($AL14="Yes",5,0)) | AZ14: 46213 | BA14: 46221 | BB14: Cherry | BC14: TEST | BD14: =IF($B14="","",IF($BE14<>"","Exception",IF($AW14<>"","Incomplete","OK"))) | BE14: =IF($B14="","",_xlfn.TEXTJOIN(" | ",TRUE,IF(AND($K14="Completed",$M14=""),"Completed visit missing Visit Notes",""),IF(AND($K14="Completed",$S14=""),"Completed visit missing Seller Motivation (or add Exception note)",""),IF(AND($AQ14="Offer Sent",OR($X14="",$AA14="")),"Offer Sent needs Approved Offer Amount + Offer Sent Date",""),IF(AND($AQ14="Active Negotiation",OR($AE14="",$AF14="",$AH14="",$AG14="")),"Active Negotiation needs Last Contact Result + Next Action + Owner + Due Date",""),IF(AND($AQ14="Contract Sent",$AT14="",$R14=""),"Contract Sent needs Contract Sent Date or File Link",""),IF(AND($AQ14="Contract Signed",$AU14=""),"Contract Signed needs Contract Signed Date",""),IF(AND($AQ14="Long-Term Nurture",OR($AG14="",$AG14<=TODAY())),"Long-Term Nurture needs an exact FUTURE follow-up date",""),IF(AND($AQ14="Lost / Closed Out",OR($AR14="",$AS14="")),"Lost / Closed Out needs Final Disposition + Closeout Reason",""),IF(AND($AM14="Sent",$AO14=""),"Gift marked Sent without recorded approval",""),IF($AX14="Duplicate","Duplicate active record for this address",""))) | BF14: Yes
A15: TEST-04 | B15: 400 Test Needs Review St, Testville, CA 90004 | C15: =IF($B15="","",TRIM(LOWER(SUBSTITUTE(SUBSTITUTE(SUBSTITUTE(SUBSTITUTE(SUBSTITUTE($B15,",",""),".","")," apt "," "),"#","")," unit "," ")))) | D15: Nia Needs-Review | E15: (000) 000-0004 | G15: PPC | H15: https://app.reiblackbook.com/lead/test04 | I15: 46224 | K15: Completed | L15: Juan | M15: Visit done; needs offer/pass decision. | S15: Job relocation | AD15: 46224 | AE15: Walkthrough complete | AF15: Decide: make offer or pass | AG15: 46224 | AH15: Jonathan | AJ15: =IF($B15="","",IF(AND($AD15="",$BA15="",$I15=""),"",TODAY()-MAX($AD15,$BA15,$I15))) | AK15: =IF($B15="","",IF($AG15="","",IF(TODAY()>$AG15,TODAY()-$AG15,0))) | AL15: =IF($B15="","",IF(OR($AQ15="Lost / Closed Out",$AQ15="Long-Term Nurture",$AQ15="Contract Signed"),"No",IF(MAX($AD15,$BA15,$I15)=0,"No",IF(NETWORKDAYS(MAX($AD15,$BA15,$I15),TODAY())-1>=3,"Yes","No")))) | AQ15: Visit Completed — Needs Review | AW15: =IF(OR($B15="",$AQ15="Lost / Closed Out"),"",_xlfn.TEXTJOIN(", ",TRUE,IF($B15="","Property Address",""),IF($AQ15="","Current Stage",""),IF($AF15="","Next Action",""),IF($AG15="","Next Action Due Date",""),IF($AH15="","Assigned Owner",""),IF($H15="","REI BlackBook Link",""))) | AX15: =IF($C15="","",IF(COUNTIFS($C$2:$C$1000,$C15,$AQ$2:$AQ$1000,"<>Lost / Closed Out")>1,"Duplicate","")) | AY15: =IF($B15="","",IF($AQ15="Verbal Agreement",100,IF($AQ15="Contract Sent",95,IF($AQ15="Active Negotiation",85,IF($AQ15="Offer Sent",70,IF($AQ15="Offer Preparation",60,IF($AQ15="Visit Completed — Needs Review",50,IF($AQ15="Visit Scheduled",30,IF($AQ15="Long-Term Nurture",10,IF($AQ15="Contract Signed",5,0)))))))))+IF($AK15="",0,MIN($AK15,20))+IF($AL15="Yes",5,0)) | AZ15: 46224 | BA15: 46224 | BB15: Jonathan | BC15: TEST | BD15: =IF($B15="","",IF($BE15<>"","Exception",IF($AW15<>"","Incomplete","OK"))) | BE15: =IF($B15="","",_xlfn.TEXTJOIN(" | ",TRUE,IF(AND($K15="Completed",$M15=""),"Completed visit missing Visit Notes",""),IF(AND($K15="Completed",$S15=""),"Completed visit missing Seller Motivation (or add Exception note)",""),IF(AND($AQ15="Offer Sent",OR($X15="",$AA15="")),"Offer Sent needs Approved Offer Amount + Offer Sent Date",""),IF(AND($AQ15="Active Negotiation",OR($AE15="",$AF15="",$AH15="",$AG15="")),"Active Negotiation needs Last Contact Result + Next Action + Owner + Due Date",""),IF(AND($AQ15="Contract Sent",$AT15="",$R15=""),"Contract Sent needs Contract Sent Date or File Link",""),IF(AND($AQ15="Contract Signed",$AU15=""),"Contract Signed needs Contract Signed Date",""),IF(AND($AQ15="Long-Term Nurture",OR($AG15="",$AG15<=TODAY())),"Long-Term Nurture needs an exact FUTURE follow-up date",""),IF(AND($AQ15="Lost / Closed Out",OR($AR15="",$AS15="")),"Lost / Closed Out needs Final Disposition + Closeout Reason",""),IF(AND($AM15="Sent",$AO15=""),"Gift marked Sent without recorded approval",""),IF($AX15="Duplicate","Duplicate active record for this address",""))) | BF15: Yes
A16: TEST-05 | B16: 500 Test Nurture Way, Testville, CA 90005 | C16: =IF($B16="","",TRIM(LOWER(SUBSTITUTE(SUBSTITUTE(SUBSTITUTE(SUBSTITUTE(SUBSTITUTE($B16,",",""),".","")," apt "," "),"#","")," unit "," ")))) | D16: Nora Nurture | E16: (000) 000-0005 | G16: SEO | H16: https://app.reiblackbook.com/lead/test05 | I16: 46193 | K16: Completed | L16: Juan | M16: Not ready yet; call back in ~60 days. | S16: Will sell later this year | AD16: 46193 | AE16: Asked for callback in 60 days | AF16: Nurture check-in call | AG16: 46285 | AH16: Cherry | AJ16: =IF($B16="","",IF(AND($AD16="",$BA16="",$I16=""),"",TODAY()-MAX($AD16,$BA16,$I16))) | AK16: =IF($B16="","",IF($AG16="","",IF(TODAY()>$AG16,TODAY()-$AG16,0))) | AL16: =IF($B16="","",IF(OR($AQ16="Lost / Closed Out",$AQ16="Long-Term Nurture",$AQ16="Contract Signed"),"No",IF(MAX($AD16,$BA16,$I16)=0,"No",IF(NETWORKDAYS(MAX($AD16,$BA16,$I16),TODAY())-1>=3,"Yes","No")))) | AM16: Recommended | AN16: Strong rapport; long-term seller | AQ16: Long-Term Nurture | AW16: =IF(OR($B16="",$AQ16="Lost / Closed Out"),"",_xlfn.TEXTJOIN(", ",TRUE,IF($B16="","Property Address",""),IF($AQ16="","Current Stage",""),IF($AF16="","Next Action",""),IF($AG16="","Next Action Due Date",""),IF($AH16="","Assigned Owner",""),IF($H16="","REI BlackBook Link",""))) | AX16: =IF($C16="","",IF(COUNTIFS($C$2:$C$1000,$C16,$AQ$2:$AQ$1000,"<>Lost / Closed Out")>1,"Duplicate","")) | AY16: =IF($B16="","",IF($AQ16="Verbal Agreement",100,IF($AQ16="Contract Sent",95,IF($AQ16="Active Negotiation",85,IF($AQ16="Offer Sent",70,IF($AQ16="Offer Preparation",60,IF($AQ16="Visit Completed — Needs Review",50,IF($AQ16="Visit Scheduled",30,IF($AQ16="Long-Term Nurture",10,IF($AQ16="Contract Signed",5,0)))))))))+IF($AK16="",0,MIN($AK16,20))+IF($AL16="Yes",5,0)) | AZ16: 46193 | BA16: 46193 | BB16: Cherry | BC16: TEST | BD16: =IF($B16="","",IF($BE16<>"","Exception",IF($AW16<>"","Incomplete","OK"))) | BE16: =IF($B16="","",_xlfn.TEXTJOIN(" | ",TRUE,IF(AND($K16="Completed",$M16=""),"Completed visit missing Visit Notes",""),IF(AND($K16="Completed",$S16=""),"Completed visit missing Seller Motivation (or add Exception note)",""),IF(AND($AQ16="Offer Sent",OR($X16="",$AA16="")),"Offer Sent needs Approved Offer Amount + Offer Sent Date",""),IF(AND($AQ16="Active Negotiation",OR($AE16="",$AF16="",$AH16="",$AG16="")),"Active Negotiation needs Last Contact Result + Next Action + Owner + Due Date",""),IF(AND($AQ16="Contract Sent",$AT16="",$R16=""),"Contract Sent needs Contract Sent Date or File Link",""),IF(AND($AQ16="Contract Signed",$AU16=""),"Contract Signed needs Contract Signed Date",""),IF(AND($AQ16="Long-Term Nurture",OR($AG16="",$AG16<=TODAY())),"Long-Term Nurture needs an exact FUTURE follow-up date",""),IF(AND($AQ16="Lost / Closed Out",OR($AR16="",$AS16="")),"Lost / Closed Out needs Final Disposition + Closeout Reason",""),IF(AND($AM16="Sent",$AO16=""),"Gift marked Sent without recorded approval",""),IF($AX16="Duplicate","Duplicate active record for this address",""))) | BF16: Yes
A17: TEST-06 | B17: 600 Test Stalled Ct, Testville, CA 90006 | C17: =IF($B17="","",TRIM(LOWER(SUBSTITUTE(SUBSTITUTE(SUBSTITUTE(SUBSTITUTE(SUBSTITUTE($B17,",",""),".","")," apt "," "),"#","")," unit "," ")))) | D17: Stan Stalled | E17: (000) 000-0006 | G17: PPC | H17: https://app.reiblackbook.com/lead/test06 | I17: 46204 | K17: Completed | L17: Juan | M17: Offer sent; seller gone quiet. | S17: Was motivated; now unresponsive | X17: 500000 | Y17: Sent | AA17: 46205 | AD17: 46205 | AE17: Offer sent; no reply since | AF17: Re-attempt contact | AG17: 46211 | AH17: Juan | AI17: Seller Unresponsive | AJ17: =IF($B17="","",IF(AND($AD17="",$BA17="",$I17=""),"",TODAY()-MAX($AD17,$BA17,$I17))) | AK17: =IF($B17="","",IF($AG17="","",IF(TODAY()>$AG17,TODAY()-$AG17,0))) | AL17: =IF($B17="","",IF(OR($AQ17="Lost / Closed Out",$AQ17="Long-Term Nurture",$AQ17="Contract Signed"),"No",IF(MAX($AD17,$BA17,$I17)=0,"No",IF(NETWORKDAYS(MAX($AD17,$BA17,$I17),TODAY())-1>=3,"Yes","No")))) | AQ17: Offer Sent | AW17: =IF(OR($B17="",$AQ17="Lost / Closed Out"),"",_xlfn.TEXTJOIN(", ",TRUE,IF($B17="","Property Address",""),IF($AQ17="","Current Stage",""),IF($AF17="","Next Action",""),IF($AG17="","Next Action Due Date",""),IF($AH17="","Assigned Owner",""),IF($H17="","REI BlackBook Link",""))) | AX17: =IF($C17="","",IF(COUNTIFS($C$2:$C$1000,$C17,$AQ$2:$AQ$1000,"<>Lost / Closed Out")>1,"Duplicate","")) | AY17: =IF($B17="","",IF($AQ17="Verbal Agreement",100,IF($AQ17="Contract Sent",95,IF($AQ17="Active Negotiation",85,IF($AQ17="Offer Sent",70,IF($AQ17="Offer Preparation",60,IF($AQ17="Visit Completed — Needs Review",50,IF($AQ17="Visit Scheduled",30,IF($AQ17="Long-Term Nurture",10,IF($AQ17="Contract Signed",5,0)))))))))+IF($AK17="",0,MIN($AK17,20))+IF($AL17="Yes",5,0)) | AZ17: 46204 | BA17: 46205 | BB17: Juan | BC17: TEST | BD17: =IF($B17="","",IF($BE17<>"","Exception",IF($AW17<>"","Incomplete","OK"))) | BE17: =IF($B17="","",_xlfn.TEXTJOIN(" | ",TRUE,IF(AND($K17="Completed",$M17=""),"Completed visit missing Visit Notes",""),IF(AND($K17="Completed",$S17=""),"Completed visit missing Seller Motivation (or add Exception note)",""),IF(AND($AQ17="Offer Sent",OR($X17="",$AA17="")),"Offer Sent needs Approved Offer Amount + Offer Sent Date",""),IF(AND($AQ17="Active Negotiation",OR($AE17="",$AF17="",$AH17="",$AG17="")),"Active Negotiation needs Last Contact Result + Next Action + Owner + Due Date",""),IF(AND($AQ17="Contract Sent",$AT17="",$R17=""),"Contract Sent needs Contract Sent Date or File Link",""),IF(AND($AQ17="Contract Signed",$AU17=""),"Contract Signed needs Contract Signed Date",""),IF(AND($AQ17="Long-Term Nurture",OR($AG17="",$AG17<=TODAY())),"Long-Term Nurture needs an exact FUTURE follow-up date",""),IF(AND($AQ17="Lost / Closed Out",OR($AR17="",$AS17="")),"Lost / Closed Out needs Final Disposition + Closeout Reason",""),IF(AND($AM17="Sent",$AO17=""),"Gift marked Sent without recorded approval",""),IF($AX17="Duplicate","Duplicate active record for this address",""))) | BF17: Yes
A18: TEST-07 | B18: 700 Test Negotiation Rd, Testville, CA 90007 | C18: =IF($B18="","",TRIM(LOWER(SUBSTITUTE(SUBSTITUTE(SUBSTITUTE(SUBSTITUTE(SUBSTITUTE($B18,",",""),".","")," apt "," "),"#","")," unit "," ")))) | D18: Neil Negotiate | E18: (000) 000-0007 | G18: TV | H18: https://app.reiblackbook.com/lead/test07 | I18: 46219 | K18: Completed | L18: Juan | M18: Seller countered. | S18: Motivated but wants more money | X18: 610000 | Y18: Countered | AA18: 46220 | AC18: 660000 | AD18: 46224 | AE18: Seller countered at $660k | AF18: Cherry/Juan decide counter response | AG18: 46225 | AH18: Cherry | AI18: Price | AJ18: =IF($B18="","",IF(AND($AD18="",$BA18="",$I18=""),"",TODAY()-MAX($AD18,$BA18,$I18))) | AK18: =IF($B18="","",IF($AG18="","",IF(TODAY()>$AG18,TODAY()-$AG18,0))) | AL18: =IF($B18="","",IF(OR($AQ18="Lost / Closed Out",$AQ18="Long-Term Nurture",$AQ18="Contract Signed"),"No",IF(MAX($AD18,$BA18,$I18)=0,"No",IF(NETWORKDAYS(MAX($AD18,$BA18,$I18),TODAY())-1>=3,"Yes","No")))) | AQ18: Active Negotiation | AW18: =IF(OR($B18="",$AQ18="Lost / Closed Out"),"",_xlfn.TEXTJOIN(", ",TRUE,IF($B18="","Property Address",""),IF($AQ18="","Current Stage",""),IF($AF18="","Next Action",""),IF($AG18="","Next Action Due Date",""),IF($AH18="","Assigned Owner",""),IF($H18="","REI BlackBook Link",""))) | AX18: =IF($C18="","",IF(COUNTIFS($C$2:$C$1000,$C18,$AQ$2:$AQ$1000,"<>Lost / Closed Out")>1,"Duplicate","")) | AY18: =IF($B18="","",IF($AQ18="Verbal Agreement",100,IF($AQ18="Contract Sent",95,IF($AQ18="Active Negotiation",85,IF($AQ18="Offer Sent",70,IF($AQ18="Offer Preparation",60,IF($AQ18="Visit Completed — Needs Review",50,IF($AQ18="Visit Scheduled",30,IF($AQ18="Long-Term Nurture",10,IF($AQ18="Contract Signed",5,0)))))))))+IF($AK18="",0,MIN($AK18,20))+IF($AL18="Yes",5,0)) | AZ18: 46219 | BA18: 46224 | BB18: Cherry | BC18: TEST | BD18: =IF($B18="","",IF($BE18<>"","Exception",IF($AW18<>"","Incomplete","OK"))) | BE18: =IF($B18="","",_xlfn.TEXTJOIN(" | ",TRUE,IF(AND($K18="Completed",$M18=""),"Completed visit missing Visit Notes",""),IF(AND($K18="Completed",$S18=""),"Completed visit missing Seller Motivation (or add Exception note)",""),IF(AND($AQ18="Offer Sent",OR($X18="",$AA18="")),"Offer Sent needs Approved Offer Amount + Offer Sent Date",""),IF(AND($AQ18="Active Negotiation",OR($AE18="",$AF18="",$AH18="",$AG18="")),"Active Negotiation needs Last Contact Result + Next Action + Owner + Due Date",""),IF(AND($AQ18="Contract Sent",$AT18="",$R18=""),"Contract Sent needs Contract Sent Date or File Link",""),IF(AND($AQ18="Contract Signed",$AU18=""),"Contract Signed needs Contract Signed Date",""),IF(AND($AQ18="Long-Term Nurture",OR($AG18="",$AG18<=TODAY())),"Long-Term Nurture needs an exact FUTURE follow-up date",""),IF(AND($AQ18="Lost / Closed Out",OR($AR18="",$AS18="")),"Lost / Closed Out needs Final Disposition + Closeout Reason",""),IF(AND($AM18="Sent",$AO18=""),"Gift marked Sent without recorded approval",""),IF($AX18="Duplicate","Duplicate active record for this address",""))) | BF18: Yes
A19: TEST-08 | B19: 700 Test Negotiation Rd., Testville, CA 90007 | C19: =IF($B19="","",TRIM(LOWER(SUBSTITUTE(SUBSTITUTE(SUBSTITUTE(SUBSTITUTE(SUBSTITUTE($B19,",",""),".","")," apt "," "),"#","")," unit "," ")))) | D19: Duplicate Entry | E19: (000) 000-0008 | G19: TV | H19: https://app.reiblackbook.com/lead/test08 | I19: 46219 | K19: Scheduled | L19: Juan | AF19: Verify duplicate | AG19: 46226 | AH19: Cherry | AJ19: =IF($B19="","",IF(AND($AD19="",$BA19="",$I19=""),"",TODAY()-MAX($AD19,$BA19,$I19))) | AK19: =IF($B19="","",IF($AG19="","",IF(TODAY()>$AG19,TODAY()-$AG19,0))) | AL19: =IF($B19="","",IF(OR($AQ19="Lost / Closed Out",$AQ19="Long-Term Nurture",$AQ19="Contract Signed"),"No",IF(MAX($AD19,$BA19,$I19)=0,"No",IF(NETWORKDAYS(MAX($AD19,$BA19,$I19),TODAY())-1>=3,"Yes","No")))) | AQ19: Visit Scheduled | AW19: =IF(OR($B19="",$AQ19="Lost / Closed Out"),"",_xlfn.TEXTJOIN(", ",TRUE,IF($B19="","Property Address",""),IF($AQ19="","Current Stage",""),IF($AF19="","Next Action",""),IF($AG19="","Next Action Due Date",""),IF($AH19="","Assigned Owner",""),IF($H19="","REI BlackBook Link",""))) | AX19: =IF($C19="","",IF(COUNTIFS($C$2:$C$1000,$C19,$AQ$2:$AQ$1000,"<>Lost / Closed Out")>1,"Duplicate","")) | AY19: =IF($B19="","",IF($AQ19="Verbal Agreement",100,IF($AQ19="Contract Sent",95,IF($AQ19="Active Negotiation",85,IF($AQ19="Offer Sent",70,IF($AQ19="Offer Preparation",60,IF($AQ19="Visit Completed — Needs Review",50,IF($AQ19="Visit Scheduled",30,IF($AQ19="Long-Term Nurture",10,IF($AQ19="Contract Signed",5,0)))))))))+IF($AK19="",0,MIN($AK19,20))+IF($AL19="Yes",5,0)) | AZ19: 46219 | BA19: 46219 | BB19: Cherry | BC19: TEST | BD19: =IF($B19="","",IF($BE19<>"","Exception",IF($AW19<>"","Incomplete","OK"))) | BE19: =IF($B19="","",_xlfn.TEXTJOIN(" | ",TRUE,IF(AND($K19="Completed",$M19=""),"Completed visit missing Visit Notes",""),IF(AND($K19="Completed",$S19=""),"Completed visit missing Seller Motivation (or add Exception note)",""),IF(AND($AQ19="Offer Sent",OR($X19="",$AA19="")),"Offer Sent needs Approved Offer Amount + Offer Sent Date",""),IF(AND($AQ19="Active Negotiation",OR($AE19="",$AF19="",$AH19="",$AG19="")),"Active Negotiation needs Last Contact Result + Next Action + Owner + Due Date",""),IF(AND($AQ19="Contract Sent",$AT19="",$R19=""),"Contract Sent needs Contract Sent Date or File Link",""),IF(AND($AQ19="Contract Signed",$AU19=""),"Contract Signed needs Contract Signed Date",""),IF(AND($AQ19="Long-Term Nurture",OR($AG19="",$AG19<=TODAY())),"Long-Term Nurture needs an exact FUTURE follow-up date",""),IF(AND($AQ19="Lost / Closed Out",OR($AR19="",$AS19="")),"Lost / Closed Out needs Final Disposition + Closeout Reason",""),IF(AND($AM19="Sent",$AO19=""),"Gift marked Sent without recorded approval",""),IF($AX19="Duplicate","Duplicate active record for this address",""))) | BF19: Yes
A20: TEST-09 | B20: 900 Test Revival Dr, Testville, CA 90009 | C20: =IF($B20="","",TRIM(LOWER(SUBSTITUTE(SUBSTITUTE(SUBSTITUTE(SUBSTITUTE(SUBSTITUTE($B20,",",""),".","")," apt "," "),"#","")," unit "," ")))) | D20: Rita Revival | E20: (000) 000-0009 | G20: Direct Mail | H20: https://app.reiblackbook.com/lead/test09 | I20: 46113 | K20: Completed | L20: Juan | M20: Passed in spring; seller wanted more than numbers allowed. | S20: Was motivated; timing/price gap at the time | AD20: 46115 | AE20: Seller declined; open to future contact | AJ20: =IF($B20="","",IF(AND($AD20="",$BA20="",$I20=""),"",TODAY()-MAX($AD20,$BA20,$I20))) | AK20: =IF($B20="","",IF($AG20="","",IF(TODAY()>$AG20,TODAY()-$AG20,0))) | AL20: =IF($B20="","",IF(OR($AQ20="Lost / Closed Out",$AQ20="Long-Term Nurture",$AQ20="Contract Signed"),"No",IF(MAX($AD20,$BA20,$I20)=0,"No",IF(NETWORKDAYS(MAX($AD20,$BA20,$I20),TODAY())-1>=3,"Yes","No")))) | AQ20: Lost / Closed Out | AR20: Lost | AS20: Seller Rejected Offer — price gap (revisit later) | AW20: =IF(OR($B20="",$AQ20="Lost / Closed Out"),"",_xlfn.TEXTJOIN(", ",TRUE,IF($B20="","Property Address",""),IF($AQ20="","Current Stage",""),IF($AF20="","Next Action",""),IF($AG20="","Next Action Due Date",""),IF($AH20="","Assigned Owner",""),IF($H20="","REI BlackBook Link",""))) | AX20: =IF($C20="","",IF(COUNTIFS($C$2:$C$1000,$C20,$AQ$2:$AQ$1000,"<>Lost / Closed Out")>1,"Duplicate","")) | AY20: =IF($B20="","",IF($AQ20="Verbal Agreement",100,IF($AQ20="Contract Sent",95,IF($AQ20="Active Negotiation",85,IF($AQ20="Offer Sent",70,IF($AQ20="Offer Preparation",60,IF($AQ20="Visit Completed — Needs Review",50,IF($AQ20="Visit Scheduled",30,IF($AQ20="Long-Term Nurture",10,IF($AQ20="Contract Signed",5,0)))))))))+IF($AK20="",0,MIN($AK20,20))+IF($AL20="Yes",5,0)) | AZ20: 46113 | BA20: 46115 | BB20: Cherry | BC20: TEST | BD20: =IF($B20="","",IF($BE20<>"","Exception",IF($AW20<>"","Incomplete","OK"))) | BE20: =IF($B20="","",_xlfn.TEXTJOIN(" | ",TRUE,IF(AND($K20="Completed",$M20=""),"Completed visit missing Visit Notes",""),IF(AND($K20="Completed",$S20=""),"Completed visit missing Seller Motivation (or add Exception note)",""),IF(AND($AQ20="Offer Sent",OR($X20="",$AA20="")),"Offer Sent needs Approved Offer Amount + Offer Sent Date",""),IF(AND($AQ20="Active Negotiation",OR($AE20="",$AF20="",$AH20="",$AG20="")),"Active Negotiation needs Last Contact Result + Next Action + Owner + Due Date",""),IF(AND($AQ20="Contract Sent",$AT20="",$R20=""),"Contract Sent needs Contract Sent Date or File Link",""),IF(AND($AQ20="Contract Signed",$AU20=""),"Contract Signed needs Contract Signed Date",""),IF(AND($AQ20="Long-Term Nurture",OR($AG20="",$AG20<=TODAY())),"Long-Term Nurture needs an exact FUTURE follow-up date",""),IF(AND($AQ20="Lost / Closed Out",OR($AR20="",$AS20="")),"Lost / Closed Out needs Final Disposition + Closeout Reason",""),IF(AND($AM20="Sent",$AO20=""),"Gift marked Sent without recorded approval",""),IF($AX20="Duplicate","Duplicate active record for this address","")))
C21: =IF($B21="","",TRIM(LOWER(SUBSTITUTE(SUBSTITUTE(SUBSTITUTE(SUBSTITUTE(SUBSTITUTE($B21,",",""),".","")," apt "," "),"#","")," unit "," ")))) | AJ21: =IF($B21="","",IF(AND($AD21="",$BA21="",$I21=""),"",TODAY()-MAX($AD21,$BA21,$I21))) | AK21: =IF($B21="","",IF($AG21="","",IF(TODAY()>$AG21,TODAY()-$AG21,0))) | AL21: =IF($B21="","",IF(OR($AQ21="Lost / Closed Out",$AQ21="Long-Term Nurture",$AQ21="Contract Signed"),"No",IF(MAX($AD21,$BA21,$I21)=0,"No",IF(NETWORKDAYS(MAX($AD21,$BA21,$I21),TODAY())-1>=3,"Yes","No")))) | AW21: =IF(OR($B21="",$AQ21="Lost / Closed Out"),"",_xlfn.TEXTJOIN(", ",TRUE,IF($B21="","Property Address",""),IF($AQ21="","Current Stage",""),IF($AF21="","Next Action",""),IF($AG21="","Next Action Due Date",""),IF($AH21="","Assigned Owner",""),IF($H21="","REI BlackBook Link",""))) | AX21: =IF($C21="","",IF(COUNTIFS($C$2:$C$1000,$C21,$AQ$2:$AQ$1000,"<>Lost / Closed Out")>1,"Duplicate","")) | AY21: =IF($B21="","",IF($AQ21="Verbal Agreement",100,IF($AQ21="Contract Sent",95,IF($AQ21="Active Negotiation",85,IF($AQ21="Offer Sent",70,IF($AQ21="Offer Preparation",60,IF($AQ21="Visit Completed — Needs Review",50,IF($AQ21="Visit Scheduled",30,IF($AQ21="Long-Term Nurture",10,IF($AQ21="Contract Signed",5,0)))))))))+IF($AK21="",0,MIN($AK21,20))+IF($AL21="Yes",5,0)) | BD21: =IF($B21="","",IF($BE21<>"","Exception",IF($AW21<>"","Incomplete","OK"))) | BE21: =IF($B21="","",_xlfn.TEXTJOIN(" | ",TRUE,IF(AND($K21="Completed",$M21=""),"Completed visit missing Visit Notes",""),IF(AND($K21="Completed",$S21=""),"Completed visit missing Seller Motivation (or add Exception note)",""),IF(AND($AQ21="Offer Sent",OR($X21="",$AA21="")),"Offer Sent needs Approved Offer Amount + Offer Sent Date",""),IF(AND($AQ21="Active Negotiation",OR($AE21="",$AF21="",$AH21="",$AG21="")),"Active Negotiation needs Last Contact Result + Next Action + Owner + Due Date",""),IF(AND($AQ21="Contract Sent",$AT21="",$R21=""),"Contract Sent needs Contract Sent Date or File Link",""),IF(AND($AQ21="Contract Signed",$AU21=""),"Contract Signed needs Contract Signed Date",""),IF(AND($AQ21="Long-Term Nurture",OR($AG21="",$AG21<=TODAY())),"Long-Term Nurture needs an exact FUTURE follow-up date",""),IF(AND($AQ21="Lost / Closed Out",OR($AR21="",$AS21="")),"Lost / Closed Out needs Final Disposition + Closeout Reason",""),IF(AND($AM21="Sent",$AO21=""),"Gift marked Sent without recorded approval",""),IF($AX21="Duplicate","Duplicate active record for this address","")))
C22: =IF($B22="","",TRIM(LOWER(SUBSTITUTE(SUBSTITUTE(SUBSTITUTE(SUBSTITUTE(SUBSTITUTE($B22,",",""),".","")," apt "," "),"#","")," unit "," ")))) | AJ22: =IF($B22="","",IF(AND($AD22="",$BA22="",$I22=""),"",TODAY()-MAX($AD22,$BA22,$I22))) | AK22: =IF($B22="","",IF($AG22="","",IF(TODAY()>$AG22,TODAY()-$AG22,0))) | AL22: =IF($B22="","",IF(OR($AQ22="Lost / Closed Out",$AQ22="Long-Term Nurture",$AQ22="Contract Signed"),"No",IF(MAX($AD22,$BA22,$I22)=0,"No",IF(NETWORKDAYS(MAX($AD22,$BA22,$I22),TODAY())-1>=3,"Yes","No")))) | AW22: =IF(OR($B22="",$AQ22="Lost / Closed Out"),"",_xlfn.TEXTJOIN(", ",TRUE,IF($B22="","Property Address",""),IF($AQ22="","Current Stage",""),IF($AF22="","Next Action",""),IF($AG22="","Next Action Due Date",""),IF($AH22="","Assigned Owner",""),IF($H22="","REI BlackBook Link",""))) | AX22: =IF($C22="","",IF(COUNTIFS($C$2:$C$1000,$C22,$AQ$2:$AQ$1000,"<>Lost / Closed Out")>1,"Duplicate","")) | AY22: =IF($B22="","",IF($AQ22="Verbal Agreement",100,IF($AQ22="Contract Sent",95,IF($AQ22="Active Negotiation",85,IF($AQ22="Offer Sent",70,IF($AQ22="Offer Preparation",60,IF($AQ22="Visit Completed — Needs Review",50,IF($AQ22="Visit Scheduled",30,IF($AQ22="Long-Term Nurture",10,IF($AQ22="Contract Signed",5,0)))))))))+IF($AK22="",0,MIN($AK22,20))+IF($AL22="Yes",5,0)) | BD22: =IF($B22="","",IF($BE22<>"","Exception",IF($AW22<>"","Incomplete","OK"))) | BE22: =IF($B22="","",_xlfn.TEXTJOIN(" | ",TRUE,IF(AND($K22="Completed",$M22=""),"Completed visit missing Visit Notes",""),IF(AND($K22="Completed",$S22=""),"Completed visit missing Seller Motivation (or add Exception note)",""),IF(AND($AQ22="Offer Sent",OR($X22="",$AA22="")),"Offer Sent needs Approved Offer Amount + Offer Sent Date",""),IF(AND($AQ22="Active Negotiation",OR($AE22="",$AF22="",$AH22="",$AG22="")),"Active Negotiation needs Last Contact Result + Next Action + Owner + Due Date",""),IF(AND($AQ22="Contract Sent",$AT22="",$R22=""),"Contract Sent needs Contract Sent Date or File Link",""),IF(AND($AQ22="Contract Signed",$AU22=""),"Contract Signed needs Contract Signed Date",""),IF(AND($AQ22="Long-Term Nurture",OR($AG22="",$AG22<=TODAY())),"Long-Term Nurture needs an exact FUTURE follow-up date",""),IF(AND($AQ22="Lost / Closed Out",OR($AR22="",$AS22="")),"Lost / Closed Out needs Final Disposition + Closeout Reason",""),IF(AND($AM22="Sent",$AO22=""),"Gift marked Sent without recorded approval",""),IF($AX22="Duplicate","Duplicate active record for this address","")))
C23: =IF($B23="","",TRIM(LOWER(SUBSTITUTE(SUBSTITUTE(SUBSTITUTE(SUBSTITUTE(SUBSTITUTE($B23,",",""),".","")," apt "," "),"#","")," unit "," ")))) | AJ23: =IF($B23="","",IF(AND($AD23="",$BA23="",$I23=""),"",TODAY()-MAX($AD23,$BA23,$I23))) | AK23: =IF($B23="","",IF($AG23="","",IF(TODAY()>$AG23,TODAY()-$AG23,0))) | AL23: =IF($B23="","",IF(OR($AQ23="Lost / Closed Out",$AQ23="Long-Term Nurture",$AQ23="Contract Signed"),"No",IF(MAX($AD23,$BA23,$I23)=0,"No",IF(NETWORKDAYS(MAX($AD23,$BA23,$I23),TODAY())-1>=3,"Yes","No")))) | AW23: =IF(OR($B23="",$AQ23="Lost / Closed Out"),"",_xlfn.TEXTJOIN(", ",TRUE,IF($B23="","Property Address",""),IF($AQ23="","Current Stage",""),IF($AF23="","Next Action",""),IF($AG23="","Next Action Due Date",""),IF($AH23="","Assigned Owner",""),IF($H23="","REI BlackBook Link",""))) | AX23: =IF($C23="","",IF(COUNTIFS($C$2:$C$1000,$C23,$AQ$2:$AQ$1000,"<>Lost / Closed Out")>1,"Duplicate","")) | AY23: =IF($B23="","",IF($AQ23="Verbal Agreement",100,IF($AQ23="Contract Sent",95,IF($AQ23="Active Negotiation",85,IF($AQ23="Offer Sent",70,IF($AQ23="Offer Preparation",60,IF($AQ23="Visit Completed — Needs Review",50,IF($AQ23="Visit Scheduled",30,IF($AQ23="Long-Term Nurture",10,IF($AQ23="Contract Signed",5,0)))))))))+IF($AK23="",0,MIN($AK23,20))+IF($AL23="Yes",5,0)) | BD23: =IF($B23="","",IF($BE23<>"","Exception",IF($AW23<>"","Incomplete","OK"))) | BE23: =IF($B23="","",_xlfn.TEXTJOIN(" | ",TRUE,IF(AND($K23="Completed",$M23=""),"Completed visit missing Visit Notes",""),IF(AND($K23="Completed",$S23=""),"Completed visit missing Seller Motivation (or add Exception note)",""),IF(AND($AQ23="Offer Sent",OR($X23="",$AA23="")),"Offer Sent needs Approved Offer Amount + Offer Sent Date",""),IF(AND($AQ23="Active Negotiation",OR($AE23="",$AF23="",$AH23="",$AG23="")),"Active Negotiation needs Last Contact Result + Next Action + Owner + Due Date",""),IF(AND($AQ23="Contract Sent",$AT23="",$R23=""),"Contract Sent needs Contract Sent Date or File Link",""),IF(AND($AQ23="Contract Signed",$AU23=""),"Contract Signed needs Contract Signed Date",""),IF(AND($AQ23="Long-Term Nurture",OR($AG23="",$AG23<=TODAY())),"Long-Term Nurture needs an exact FUTURE follow-up date",""),IF(AND($AQ23="Lost / Closed Out",OR($AR23="",$AS23="")),"Lost / Closed Out needs Final Disposition + Closeout Reason",""),IF(AND($AM23="Sent",$AO23=""),"Gift marked Sent without recorded approval",""),IF($AX23="Duplicate","Duplicate active record for this address","")))
C24: =IF($B24="","",TRIM(LOWER(SUBSTITUTE(SUBSTITUTE(SUBSTITUTE(SUBSTITUTE(SUBSTITUTE($B24,",",""),".","")," apt "," "),"#","")," unit "," ")))) | AJ24: =IF($B24="","",IF(AND($AD24="",$BA24="",$I24=""),"",TODAY()-MAX($AD24,$BA24,$I24))) | AK24: =IF($B24="","",IF($AG24="","",IF(TODAY()>$AG24,TODAY()-$AG24,0))) | AL24: =IF($B24="","",IF(OR($AQ24="Lost / Closed Out",$AQ24="Long-Term Nurture",$AQ24="Contract Signed"),"No",IF(MAX($AD24,$BA24,$I24)=0,"No",IF(NETWORKDAYS(MAX($AD24,$BA24,$I24),TODAY())-1>=3,"Yes","No")))) | AW24: =IF(OR($B24="",$AQ24="Lost / Closed Out"),"",_xlfn.TEXTJOIN(", ",TRUE,IF($B24="","Property Address",""),IF($AQ24="","Current Stage",""),IF($AF24="","Next Action",""),IF($AG24="","Next Action Due Date",""),IF($AH24="","Assigned Owner",""),IF($H24="","REI BlackBook Link",""))) | AX24: =IF($C24="","",IF(COUNTIFS($C$2:$C$1000,$C24,$AQ$2:$AQ$1000,"<>Lost / Closed Out")>1,"Duplicate","")) | AY24: =IF($B24="","",IF($AQ24="Verbal Agreement",100,IF($AQ24="Contract Sent",95,IF($AQ24="Active Negotiation",85,IF($AQ24="Offer Sent",70,IF($AQ24="Offer Preparation",60,IF($AQ24="Visit Completed — Needs Review",50,IF($AQ24="Visit Scheduled",30,IF($AQ24="Long-Term Nurture",10,IF($AQ24="Contract Signed",5,0)))))))))+IF($AK24="",0,MIN($AK24,20))+IF($AL24="Yes",5,0)) | BD24: =IF($B24="","",IF($BE24<>"","Exception",IF($AW24<>"","Incomplete","OK"))) | BE24: =IF($B24="","",_xlfn.TEXTJOIN(" | ",TRUE,IF(AND($K24="Completed",$M24=""),"Completed visit missing Visit Notes",""),IF(AND($K24="Completed",$S24=""),"Completed visit missing Seller Motivation (or add Exception note)",""),IF(AND($AQ24="Offer Sent",OR($X24="",$AA24="")),"Offer Sent needs Approved Offer Amount + Offer Sent Date",""),IF(AND($AQ24="Active Negotiation",OR($AE24="",$AF24="",$AH24="",$AG24="")),"Active Negotiation needs Last Contact Result + Next Action + Owner + Due Date",""),IF(AND($AQ24="Contract Sent",$AT24="",$R24=""),"Contract Sent needs Contract Sent Date or File Link",""),IF(AND($AQ24="Contract Signed",$AU24=""),"Contract Signed needs Contract Signed Date",""),IF(AND($AQ24="Long-Term Nurture",OR($AG24="",$AG24<=TODAY())),"Long-Term Nurture needs an exact FUTURE follow-up date",""),IF(AND($AQ24="Lost / Closed Out",OR($AR24="",$AS24="")),"Lost / Closed Out needs Final Disposition + Closeout Reason",""),IF(AND($AM24="Sent",$AO24=""),"Gift marked Sent without recorded approval",""),IF($AX24="Duplicate","Duplicate active record for this address","")))
C25: =IF($B25="","",TRIM(LOWER(SUBSTITUTE(SUBSTITUTE(SUBSTITUTE(SUBSTITUTE(SUBSTITUTE($B25,",",""),".","")," apt "," "),"#","")," unit "," ")))) | AJ25: =IF($B25="","",IF(AND($AD25="",$BA25="",$I25=""),"",TODAY()-MAX($AD25,$BA25,$I25))) | AK25: =IF($B25="","",IF($AG25="","",IF(TODAY()>$AG25,TODAY()-$AG25,0))) | AL25: =IF($B25="","",IF(OR($AQ25="Lost / Closed Out",$AQ25="Long-Term Nurture",$AQ25="Contract Signed"),"No",IF(MAX($AD25,$BA25,$I25)=0,"No",IF(NETWORKDAYS(MAX($AD25,$BA25,$I25),TODAY())-1>=3,"Yes","No")))) | AW25: =IF(OR($B25="",$AQ25="Lost / Closed Out"),"",_xlfn.TEXTJOIN(", ",TRUE,IF($B25="","Property Address",""),IF($AQ25="","Current Stage",""),IF($AF25="","Next Action",""),IF($AG25="","Next Action Due Date",""),IF($AH25="","Assigned Owner",""),IF($H25="","REI BlackBook Link",""))) | AX25: =IF($C25="","",IF(COUNTIFS($C$2:$C$1000,$C25,$AQ$2:$AQ$1000,"<>Lost / Closed Out")>1,"Duplicate","")) | AY25: =IF($B25="","",IF($AQ25="Verbal Agreement",100,IF($AQ25="Contract Sent",95,IF($AQ25="Active Negotiation",85,IF($AQ25="Offer Sent",70,IF($AQ25="Offer Preparation",60,IF($AQ25="Visit Completed — Needs Review",50,IF($AQ25="Visit Scheduled",30,IF($AQ25="Long-Term Nurture",10,IF($AQ25="Contract Signed",5,0)))))))))+IF($AK25="",0,MIN($AK25,20))+IF($AL25="Yes",5,0)) | BD25: =IF($B25="","",IF($BE25<>"","Exception",IF($AW25<>"","Incomplete","OK"))) | BE25: =IF($B25="","",_xlfn.TEXTJOIN(" | ",TRUE,IF(AND($K25="Completed",$M25=""),"Completed visit missing Visit Notes",""),IF(AND($K25="Completed",$S25=""),"Completed visit missing Seller Motivation (or add Exception note)",""),IF(AND($AQ25="Offer Sent",OR($X25="",$AA25="")),"Offer Sent needs Approved Offer Amount + Offer Sent Date",""),IF(AND($AQ25="Active Negotiation",OR($AE25="",$AF25="",$AH25="",$AG25="")),"Active Negotiation needs Last Contact Result + Next Action + Owner + Due Date",""),IF(AND($AQ25="Contract Sent",$AT25="",$R25=""),"Contract Sent needs Contract Sent Date or File Link",""),IF(AND($AQ25="Contract Signed",$AU25=""),"Contract Signed needs Contract Signed Date",""),IF(AND($AQ25="Long-Term Nurture",OR($AG25="",$AG25<=TODAY())),"Long-Term Nurture needs an exact FUTURE follow-up date",""),IF(AND($AQ25="Lost / Closed Out",OR($AR25="",$AS25="")),"Lost / Closed Out needs Final Disposition + Closeout Reason",""),IF(AND($AM25="Sent",$AO25=""),"Gift marked Sent without recorded approval",""),IF($AX25="Duplicate","Duplicate active record for this address","")))
C26: =IF($B26="","",TRIM(LOWER(SUBSTITUTE(SUBSTITUTE(SUBSTITUTE(SUBSTITUTE(SUBSTITUTE($B26,",",""),".","")," apt "," "),"#","")," unit "," ")))) | AJ26: =IF($B26="","",IF(AND($AD26="",$BA26="",$I26=""),"",TODAY()-MAX($AD26,$BA26,$I26))) | AK26: =IF($B26="","",IF($AG26="","",IF(TODAY()>$AG26,TODAY()-$AG26,0))) | AL26: =IF($B26="","",IF(OR($AQ26="Lost / Closed Out",$AQ26="Long-Term Nurture",$AQ26="Contract Signed"),"No",IF(MAX($AD26,$BA26,$I26)=0,"No",IF(NETWORKDAYS(MAX($AD26,$BA26,$I26),TODAY())-1>=3,"Yes","No")))) | AW26: =IF(OR($B26="",$AQ26="Lost / Closed Out"),"",_xlfn.TEXTJOIN(", ",TRUE,IF($B26="","Property Address",""),IF($AQ26="","Current Stage",""),IF($AF26="","Next Action",""),IF($AG26="","Next Action Due Date",""),IF($AH26="","Assigned Owner",""),IF($H26="","REI BlackBook Link",""))) | AX26: =IF($C26="","",IF(COUNTIFS($C$2:$C$1000,$C26,$AQ$2:$AQ$1000,"<>Lost / Closed Out")>1,"Duplicate","")) | AY26: =IF($B26="","",IF($AQ26="Verbal Agreement",100,IF($AQ26="Contract Sent",95,IF($AQ26="Active Negotiation",85,IF($AQ26="Offer Sent",70,IF($AQ26="Offer Preparation",60,IF($AQ26="Visit Completed — Needs Review",50,IF($AQ26="Visit Scheduled",30,IF($AQ26="Long-Term Nurture",10,IF($AQ26="Contract Signed",5,0)))))))))+IF($AK26="",0,MIN($AK26,20))+IF($AL26="Yes",5,0)) | BD26: =IF($B26="","",IF($BE26<>"","Exception",IF($AW26<>"","Incomplete","OK"))) | BE26: =IF($B26="","",_xlfn.TEXTJOIN(" | ",TRUE,IF(AND($K26="Completed",$M26=""),"Completed visit missing Visit Notes",""),IF(AND($K26="Completed",$S26=""),"Completed visit missing Seller Motivation (or add Exception note)",""),IF(AND($AQ26="Offer Sent",OR($X26="",$AA26="")),"Offer Sent needs Approved Offer Amount + Offer Sent Date",""),IF(AND($AQ26="Active Negotiation",OR($AE26="",$AF26="",$AH26="",$AG26="")),"Active Negotiation needs Last Contact Result + Next Action + Owner + Due Date",""),IF(AND($AQ26="Contract Sent",$AT26="",$R26=""),"Contract Sent needs Contract Sent Date or File Link",""),IF(AND($AQ26="Contract Signed",$AU26=""),"Contract Signed needs Contract Signed Date",""),IF(AND($AQ26="Long-Term Nurture",OR($AG26="",$AG26<=TODAY())),"Long-Term Nurture needs an exact FUTURE follow-up date",""),IF(AND($AQ26="Lost / Closed Out",OR($AR26="",$AS26="")),"Lost / Closed Out needs Final Disposition + Closeout Reason",""),IF(AND($AM26="Sent",$AO26=""),"Gift marked Sent without recorded approval",""),IF($AX26="Duplicate","Duplicate active record for this address","")))
C27: =IF($B27="","",TRIM(LOWER(SUBSTITUTE(SUBSTITUTE(SUBSTITUTE(SUBSTITUTE(SUBSTITUTE($B27,",",""),".","")," apt "," "),"#","")," unit "," ")))) | AJ27: =IF($B27="","",IF(AND($AD27="",$BA27="",$I27=""),"",TODAY()-MAX($AD27,$BA27,$I27))) | AK27: =IF($B27="","",IF($AG27="","",IF(TODAY()>$AG27,TODAY()-$AG27,0))) | AL27: =IF($B27="","",IF(OR($AQ27="Lost / Closed Out",$AQ27="Long-Term Nurture",$AQ27="Contract Signed"),"No",IF(MAX($AD27,$BA27,$I27)=0,"No",IF(NETWORKDAYS(MAX($AD27,$BA27,$I27),TODAY())-1>=3,"Yes","No")))) | AW27: =IF(OR($B27="",$AQ27="Lost / Closed Out"),"",_xlfn.TEXTJOIN(", ",TRUE,IF($B27="","Property Address",""),IF($AQ27="","Current Stage",""),IF($AF27="","Next Action",""),IF($AG27="","Next Action Due Date",""),IF($AH27="","Assigned Owner",""),IF($H27="","REI BlackBook Link",""))) | AX27: =IF($C27="","",IF(COUNTIFS($C$2:$C$1000,$C27,$AQ$2:$AQ$1000,"<>Lost / Closed Out")>1,"Duplicate","")) | AY27: =IF($B27="","",IF($AQ27="Verbal Agreement",100,IF($AQ27="Contract Sent",95,IF($AQ27="Active Negotiation",85,IF($AQ27="Offer Sent",70,IF($AQ27="Offer Preparation",60,IF($AQ27="Visit Completed — Needs Review",50,IF($AQ27="Visit Scheduled",30,IF($AQ27="Long-Term Nurture",10,IF($AQ27="Contract Signed",5,0)))))))))+IF($AK27="",0,MIN($AK27,20))+IF($AL27="Yes",5,0)) | BD27: =IF($B27="","",IF($BE27<>"","Exception",IF($AW27<>"","Incomplete","OK"))) | BE27: =IF($B27="","",_xlfn.TEXTJOIN(" | ",TRUE,IF(AND($K27="Completed",$M27=""),"Completed visit missing Visit Notes",""),IF(AND($K27="Completed",$S27=""),"Completed visit missing Seller Motivation (or add Exception note)",""),IF(AND($AQ27="Offer Sent",OR($X27="",$AA27="")),"Offer Sent needs Approved Offer Amount + Offer Sent Date",""),IF(AND($AQ27="Active Negotiation",OR($AE27="",$AF27="",$AH27="",$AG27="")),"Active Negotiation needs Last Contact Result + Next Action + Owner + Due Date",""),IF(AND($AQ27="Contract Sent",$AT27="",$R27=""),"Contract Sent needs Contract Sent Date or File Link",""),IF(AND($AQ27="Contract Signed",$AU27=""),"Contract Signed needs Contract Signed Date",""),IF(AND($AQ27="Long-Term Nurture",OR($AG27="",$AG27<=TODAY())),"Long-Term Nurture needs an exact FUTURE follow-up date",""),IF(AND($AQ27="Lost / Closed Out",OR($AR27="",$AS27="")),"Lost / Closed Out needs Final Disposition + Closeout Reason",""),IF(AND($AM27="Sent",$AO27=""),"Gift marked Sent without recorded approval",""),IF($AX27="Duplicate","Duplicate active record for this address","")))
C28: =IF($B28="","",TRIM(LOWER(SUBSTITUTE(SUBSTITUTE(SUBSTITUTE(SUBSTITUTE(SUBSTITUTE($B28,",",""),".","")," apt "," "),"#","")," unit "," ")))) | AJ28: =IF($B28="","",IF(AND($AD28="",$BA28="",$I28=""),"",TODAY()-MAX($AD28,$BA28,$I28))) | AK28: =IF($B28="","",IF($AG28="","",IF(TODAY()>$AG28,TODAY()-$AG28,0))) | AL28: =IF($B28="","",IF(OR($AQ28="Lost / Closed Out",$AQ28="Long-Term Nurture",$AQ28="Contract Signed"),"No",IF(MAX($AD28,$BA28,$I28)=0,"No",IF(NETWORKDAYS(MAX($AD28,$BA28,$I28),TODAY())-1>=3,"Yes","No")))) | AW28: =IF(OR($B28="",$AQ28="Lost / Closed Out"),"",_xlfn.TEXTJOIN(", ",TRUE,IF($B28="","Property Address",""),IF($AQ28="","Current Stage",""),IF($AF28="","Next Action",""),IF($AG28="","Next Action Due Date",""),IF($AH28="","Assigned Owner",""),IF($H28="","REI BlackBook Link",""))) | AX28: =IF($C28="","",IF(COUNTIFS($C$2:$C$1000,$C28,$AQ$2:$AQ$1000,"<>Lost / Closed Out")>1,"Duplicate","")) | AY28: =IF($B28="","",IF($AQ28="Verbal Agreement",100,IF($AQ28="Contract Sent",95,IF($AQ28="Active Negotiation",85,IF($AQ28="Offer Sent",70,IF($AQ28="Offer Preparation",60,IF($AQ28="Visit Completed — Needs Review",50,IF($AQ28="Visit Scheduled",30,IF($AQ28="Long-Term Nurture",10,IF($AQ28="Contract Signed",5,0)))))))))+IF($AK28="",0,MIN($AK28,20))+IF($AL28="Yes",5,0)) | BD28: =IF($B28="","",IF($BE28<>"","Exception",IF($AW28<>"","Incomplete","OK"))) | BE28: =IF($B28="","",_xlfn.TEXTJOIN(" | ",TRUE,IF(AND($K28="Completed",$M28=""),"Completed visit missing Visit Notes",""),IF(AND($K28="Completed",$S28=""),"Completed visit missing Seller Motivation (or add Exception note)",""),IF(AND($AQ28="Offer Sent",OR($X28="",$AA28="")),"Offer Sent needs Approved Offer Amount + Offer Sent Date",""),IF(AND($AQ28="Active Negotiation",OR($AE28="",$AF28="",$AH28="",$AG28="")),"Active Negotiation needs Last Contact Result + Next Action + Owner + Due Date",""),IF(AND($AQ28="Contract Sent",$AT28="",$R28=""),"Contract Sent needs Contract Sent Date or File Link",""),IF(AND($AQ28="Contract Signed",$AU28=""),"Contract Signed needs Contract Signed Date",""),IF(AND($AQ28="Long-Term Nurture",OR($AG28="",$AG28<=TODAY())),"Long-Term Nurture needs an exact FUTURE follow-up date",""),IF(AND($AQ28="Lost / Closed Out",OR($AR28="",$AS28="")),"Lost / Closed Out needs Final Disposition + Closeout Reason",""),IF(AND($AM28="Sent",$AO28=""),"Gift marked Sent without recorded approval",""),IF($AX28="Duplicate","Duplicate active record for this address","")))
C29: =IF($B29="","",TRIM(LOWER(SUBSTITUTE(SUBSTITUTE(SUBSTITUTE(SUBSTITUTE(SUBSTITUTE($B29,",",""),".","")," apt "," "),"#","")," unit "," ")))) | AJ29: =IF($B29="","",IF(AND($AD29="",$BA29="",$I29=""),"",TODAY()-MAX($AD29,$BA29,$I29))) | AK29: =IF($B29="","",IF($AG29="","",IF(TODAY()>$AG29,TODAY()-$AG29,0))) | AL29: =IF($B29="","",IF(OR($AQ29="Lost / Closed Out",$AQ29="Long-Term Nurture",$AQ29="Contract Signed"),"No",IF(MAX($AD29,$BA29,$I29)=0,"No",IF(NETWORKDAYS(MAX($AD29,$BA29,$I29),TODAY())-1>=3,"Yes","No")))) | AW29: =IF(OR($B29="",$AQ29="Lost / Closed Out"),"",_xlfn.TEXTJOIN(", ",TRUE,IF($B29="","Property Address",""),IF($AQ29="","Current Stage",""),IF($AF29="","Next Action",""),IF($AG29="","Next Action Due Date",""),IF($AH29="","Assigned Owner",""),IF($H29="","REI BlackBook Link",""))) | AX29: =IF($C29="","",IF(COUNTIFS($C$2:$C$1000,$C29,$AQ$2:$AQ$1000,"<>Lost / Closed Out")>1,"Duplicate","")) | AY29: =IF($B29="","",IF($AQ29="Verbal Agreement",100,IF($AQ29="Contract Sent",95,IF($AQ29="Active Negotiation",85,IF($AQ29="Offer Sent",70,IF($AQ29="Offer Preparation",60,IF($AQ29="Visit Completed — Needs Review",50,IF($AQ29="Visit Scheduled",30,IF($AQ29="Long-Term Nurture",10,IF($AQ29="Contract Signed",5,0)))))))))+IF($AK29="",0,MIN($AK29,20))+IF($AL29="Yes",5,0)) | BD29: =IF($B29="","",IF($BE29<>"","Exception",IF($AW29<>"","Incomplete","OK"))) | BE29: =IF($B29="","",_xlfn.TEXTJOIN(" | ",TRUE,IF(AND($K29="Completed",$M29=""),"Completed visit missing Visit Notes",""),IF(AND($K29="Completed",$S29=""),"Completed visit missing Seller Motivation (or add Exception note)",""),IF(AND($AQ29="Offer Sent",OR($X29="",$AA29="")),"Offer Sent needs Approved Offer Amount + Offer Sent Date",""),IF(AND($AQ29="Active Negotiation",OR($AE29="",$AF29="",$AH29="",$AG29="")),"Active Negotiation needs Last Contact Result + Next Action + Owner + Due Date",""),IF(AND($AQ29="Contract Sent",$AT29="",$R29=""),"Contract Sent needs Contract Sent Date or File Link",""),IF(AND($AQ29="Contract Signed",$AU29=""),"Contract Signed needs Contract Signed Date",""),IF(AND($AQ29="Long-Term Nurture",OR($AG29="",$AG29<=TODAY())),"Long-Term Nurture needs an exact FUTURE follow-up date",""),IF(AND($AQ29="Lost / Closed Out",OR($AR29="",$AS29="")),"Lost / Closed Out needs Final Disposition + Closeout Reason",""),IF(AND($AM29="Sent",$AO29=""),"Gift marked Sent without recorded approval",""),IF($AX29="Duplicate","Duplicate active record for this address","")))
C30: =IF($B30="","",TRIM(LOWER(SUBSTITUTE(SUBSTITUTE(SUBSTITUTE(SUBSTITUTE(SUBSTITUTE($B30,",",""),".","")," apt "," "),"#","")," unit "," ")))) | AJ30: =IF($B30="","",IF(AND($AD30="",$BA30="",$I30=""),"",TODAY()-MAX($AD30,$BA30,$I30))) | AK30: =IF($B30="","",IF($AG30="","",IF(TODAY()>$AG30,TODAY()-$AG30,0))) | AL30: =IF($B30="","",IF(OR($AQ30="Lost / Closed Out",$AQ30="Long-Term Nurture",$AQ30="Contract Signed"),"No",IF(MAX($AD30,$BA30,$I30)=0,"No",IF(NETWORKDAYS(MAX($AD30,$BA30,$I30),TODAY())-1>=3,"Yes","No")))) | AW30: =IF(OR($B30="",$AQ30="Lost / Closed Out"),"",_xlfn.TEXTJOIN(", ",TRUE,IF($B30="","Property Address",""),IF($AQ30="","Current Stage",""),IF($AF30="","Next Action",""),IF($AG30="","Next Action Due Date",""),IF($AH30="","Assigned Owner",""),IF($H30="","REI BlackBook Link",""))) | AX30: =IF($C30="","",IF(COUNTIFS($C$2:$C$1000,$C30,$AQ$2:$AQ$1000,"<>Lost / Closed Out")>1,"Duplicate","")) | AY30: =IF($B30="","",IF($AQ30="Verbal Agreement",100,IF($AQ30="Contract Sent",95,IF($AQ30="Active Negotiation",85,IF($AQ30="Offer Sent",70,IF($AQ30="Offer Preparation",60,IF($AQ30="Visit Completed — Needs Review",50,IF($AQ30="Visit Scheduled",30,IF($AQ30="Long-Term Nurture",10,IF($AQ30="Contract Signed",5,0)))))))))+IF($AK30="",0,MIN($AK30,20))+IF($AL30="Yes",5,0)) | BD30: =IF($B30="","",IF($BE30<>"","Exception",IF($AW30<>"","Incomplete","OK"))) | BE30: =IF($B30="","",_xlfn.TEXTJOIN(" | ",TRUE,IF(AND($K30="Completed",$M30=""),"Completed visit missing Visit Notes",""),IF(AND($K30="Completed",$S30=""),"Completed visit missing Seller Motivation (or add Exception note)",""),IF(AND($AQ30="Offer Sent",OR($X30="",$AA30="")),"Offer Sent needs Approved Offer Amount + Offer Sent Date",""),IF(AND($AQ30="Active Negotiation",OR($AE30="",$AF30="",$AH30="",$AG30="")),"Active Negotiation needs Last Contact Result + Next Action + Owner + Due Date",""),IF(AND($AQ30="Contract Sent",$AT30="",$R30=""),"Contract Sent needs Contract Sent Date or File Link",""),IF(AND($AQ30="Contract Signed",$AU30=""),"Contract Signed needs Contract Signed Date",""),IF(AND($AQ30="Long-Term Nurture",OR($AG30="",$AG30<=TODAY())),"Long-Term Nurture needs an exact FUTURE follow-up date",""),IF(AND($AQ30="Lost / Closed Out",OR($AR30="",$AS30="")),"Lost / Closed Out needs Final Disposition + Closeout Reason",""),IF(AND($AM30="Sent",$AO30=""),"Gift marked Sent without recorded approval",""),IF($AX30="Duplicate","Duplicate active record for this address","")))
C31: =IF($B31="","",TRIM(LOWER(SUBSTITUTE(SUBSTITUTE(SUBSTITUTE(SUBSTITUTE(SUBSTITUTE($B31,",",""),".","")," apt "," "),"#","")," unit "," ")))) | AJ31: =IF($B31="","",IF(AND($AD31="",$BA31="",$I31=""),"",TODAY()-MAX($AD31,$BA31,$I31))) | AK31: =IF($B31="","",IF($AG31="","",IF(TODAY()>$AG31,TODAY()-$AG31,0))) | AL31: =IF($B31="","",IF(OR($AQ31="Lost / Closed Out",$AQ31="Long-Term Nurture",$AQ31="Contract Signed"),"No",IF(MAX($AD31,$BA31,$I31)=0,"No",IF(NETWORKDAYS(MAX($AD31,$BA31,$I31),TODAY())-1>=3,"Yes","No")))) | AW31: =IF(OR($B31="",$AQ31="Lost / Closed Out"),"",_xlfn.TEXTJOIN(", ",TRUE,IF($B31="","Property Address",""),IF($AQ31="","Current Stage",""),IF($AF31="","Next Action",""),IF($AG31="","Next Action Due Date",""),IF($AH31="","Assigned Owner",""),IF($H31="","REI BlackBook Link",""))) | AX31: =IF($C31="","",IF(COUNTIFS($C$2:$C$1000,$C31,$AQ$2:$AQ$1000,"<>Lost / Closed Out")>1,"Duplicate","")) | AY31: =IF($B31="","",IF($AQ31="Verbal Agreement",100,IF($AQ31="Contract Sent",95,IF($AQ31="Active Negotiation",85,IF($AQ31="Offer Sent",70,IF($AQ31="Offer Preparation",60,IF($AQ31="Visit Completed — Needs Review",50,IF($AQ31="Visit Scheduled",30,IF($AQ31="Long-Term Nurture",10,IF($AQ31="Contract Signed",5,0)))))))))+IF($AK31="",0,MIN($AK31,20))+IF($AL31="Yes",5,0)) | BD31: =IF($B31="","",IF($BE31<>"","Exception",IF($AW31<>"","Incomplete","OK"))) | BE31: =IF($B31="","",_xlfn.TEXTJOIN(" | ",TRUE,IF(AND($K31="Completed",$M31=""),"Completed visit missing Visit Notes",""),IF(AND($K31="Completed",$S31=""),"Completed visit missing Seller Motivation (or add Exception note)",""),IF(AND($AQ31="Offer Sent",OR($X31="",$AA31="")),"Offer Sent needs Approved Offer Amount + Offer Sent Date",""),IF(AND($AQ31="Active Negotiation",OR($AE31="",$AF31="",$AH31="",$AG31="")),"Active Negotiation needs Last Contact Result + Next Action + Owner + Due Date",""),IF(AND($AQ31="Contract Sent",$AT31="",$R31=""),"Contract Sent needs Contract Sent Date or File Link",""),IF(AND($AQ31="Contract Signed",$AU31=""),"Contract Signed needs Contract Signed Date",""),IF(AND($AQ31="Long-Term Nurture",OR($AG31="",$AG31<=TODAY())),"Long-Term Nurture needs an exact FUTURE follow-up date",""),IF(AND($AQ31="Lost / Closed Out",OR($AR31="",$AS31="")),"Lost / Closed Out needs Final Disposition + Closeout Reason",""),IF(AND($AM31="Sent",$AO31=""),"Gift marked Sent without recorded approval",""),IF($AX31="Duplicate","Duplicate active record for this address","")))
C32: =IF($B32="","",TRIM(LOWER(SUBSTITUTE(SUBSTITUTE(SUBSTITUTE(SUBSTITUTE(SUBSTITUTE($B32,",",""),".","")," apt "," "),"#","")," unit "," ")))) | AJ32: =IF($B32="","",IF(AND($AD32="",$BA32="",$I32=""),"",TODAY()-MAX($AD32,$BA32,$I32))) | AK32: =IF($B32="","",IF($AG32="","",IF(TODAY()>$AG32,TODAY()-$AG32,0))) | AL32: =IF($B32="","",IF(OR($AQ32="Lost / Closed Out",$AQ32="Long-Term Nurture",$AQ32="Contract Signed"),"No",IF(MAX($AD32,$BA32,$I32)=0,"No",IF(NETWORKDAYS(MAX($AD32,$BA32,$I32),TODAY())-1>=3,"Yes","No")))) | AW32: =IF(OR($B32="",$AQ32="Lost / Closed Out"),"",_xlfn.TEXTJOIN(", ",TRUE,IF($B32="","Property Address",""),IF($AQ32="","Current Stage",""),IF($AF32="","Next Action",""),IF($AG32="","Next Action Due Date",""),IF($AH32="","Assigned Owner",""),IF($H32="","REI BlackBook Link",""))) | AX32: =IF($C32="","",IF(COUNTIFS($C$2:$C$1000,$C32,$AQ$2:$AQ$1000,"<>Lost / Closed Out")>1,"Duplicate","")) | AY32: =IF($B32="","",IF($AQ32="Verbal Agreement",100,IF($AQ32="Contract Sent",95,IF($AQ32="Active Negotiation",85,IF($AQ32="Offer Sent",70,IF($AQ32="Offer Preparation",60,IF($AQ32="Visit Completed — Needs Review",50,IF($AQ32="Visit Scheduled",30,IF($AQ32="Long-Term Nurture",10,IF($AQ32="Contract Signed",5,0)))))))))+IF($AK32="",0,MIN($AK32,20))+IF($AL32="Yes",5,0)) | BD32: =IF($B32="","",IF($BE32<>"","Exception",IF($AW32<>"","Incomplete","OK"))) | BE32: =IF($B32="","",_xlfn.TEXTJOIN(" | ",TRUE,IF(AND($K32="Completed",$M32=""),"Completed visit missing Visit Notes",""),IF(AND($K32="Completed",$S32=""),"Completed visit missing Seller Motivation (or add Exception note)",""),IF(AND($AQ32="Offer Sent",OR($X32="",$AA32="")),"Offer Sent needs Approved Offer Amount + Offer Sent Date",""),IF(AND($AQ32="Active Negotiation",OR($AE32="",$AF32="",$AH32="",$AG32="")),"Active Negotiation needs Last Contact Result + Next Action + Owner + Due Date",""),IF(AND($AQ32="Contract Sent",$AT32="",$R32=""),"Contract Sent needs Contract Sent Date or File Link",""),IF(AND($AQ32="Contract Signed",$AU32=""),"Contract Signed needs Contract Signed Date",""),IF(AND($AQ32="Long-Term Nurture",OR($AG32="",$AG32<=TODAY())),"Long-Term Nurture needs an exact FUTURE follow-up date",""),IF(AND($AQ32="Lost / Closed Out",OR($AR32="",$AS32="")),"Lost / Closed Out needs Final Disposition + Closeout Reason",""),IF(AND($AM32="Sent",$AO32=""),"Gift marked Sent without recorded approval",""),IF($AX32="Duplicate","Duplicate active record for this address","")))
... C60: =IF($B60="","",TRIM(LOWER(SUBSTITUTE(SUBSTITUTE(SUBSTITUTE(SUBSTITUTE(SUBSTITUTE($B60,",",""),".","")," apt "," "),"#","")," unit "," ")))) | AJ60: =IF($B60="","",IF(AND($AD60="",$BA60="",$I60=""),"",TODAY()-MAX($AD60,$BA60,$I60))) | AK60: =IF($B60="","",IF($AG60="","",IF(TODAY()>$AG60,TODAY()-$AG60,0))) | AL60: =IF($B60="","",IF(OR($AQ60="Lost / Closed Out",$AQ60="Long-Term Nurture",$AQ60="Contract Signed"),"No",IF(MAX($AD60,$BA60,$I60)=0,"No",IF(NETWORKDAYS(MAX($AD60,$BA60,$I60),TODAY())-1>=3,"Yes","No")))) | AW60: =IF(OR($B60="",$AQ60="Lost / Closed Out"),"",_xlfn.TEXTJOIN(", ",TRUE,IF($B60="","Property Address",""),IF($AQ60="","Current Stage",""),IF($AF60="","Next Action",""),IF($AG60="","Next Action Due Date",""),IF($AH60="","Assigned Owner",""),IF($H60="","REI BlackBook Link",""))) | AX60: =IF($C60="","",IF(COUNTIFS($C$2:$C$1000,$C60,$AQ$2:$AQ$1000,"<>Lost / Closed Out")>1,"Duplicate","")) | AY60: =IF($B60="","",IF($AQ60="Verbal Agreement",100,IF($AQ60="Contract Sent",95,IF($AQ60="Active Negotiation",85,IF($AQ60="Offer Sent",70,IF($AQ60="Offer Preparation",60,IF($AQ60="Visit Completed — Needs Review",50,IF($AQ60="Visit Scheduled",30,IF($AQ60="Long-Term Nurture",10,IF($AQ60="Contract Signed",5,0)))))))))+IF($AK60="",0,MIN($AK60,20))+IF($AL60="Yes",5,0)) | BD60: =IF($B60="","",IF($BE60<>"","Exception",IF($AW60<>"","Incomplete","OK"))) | BE60: =IF($B60="","",_xlfn.TEXTJOIN(" | ",TRUE,IF(AND($K60="Completed",$M60=""),"Completed visit missing Visit Notes",""),IF(AND($K60="Completed",$S60=""),"Completed visit missing Seller Motivation (or add Exception note)",""),IF(AND($AQ60="Offer Sent",OR($X60="",$AA60="")),"Offer Sent needs Approved Offer Amount + Offer Sent Date",""),IF(AND($AQ60="Active Negotiation",OR($AE60="",$AF60="",$AH60="",$AG60="")),"Active Negotiation needs Last Contact Result + Next Action + Owner + Due Date",""),IF(AND($AQ60="Contract Sent",$AT60="",$R60=""),"Contract Sent needs Contract Sent Date or File Link",""),IF(AND($AQ60="Contract Signed",$AU60=""),"Contract Signed needs Contract Signed Date",""),IF(AND($AQ60="Long-Term Nurture",OR($AG60="",$AG60<=TODAY())),"Long-Term Nurture needs an exact FUTURE follow-up date",""),IF(AND($AQ60="Lost / Closed Out",OR($AR60="",$AS60="")),"Lost / Closed Out needs Final Disposition + Closeout Reason",""),IF(AND($AM60="Sent",$AO60=""),"Gift marked Sent without recorded approval",""),IF($AX60="Duplicate","Duplicate active record for this address","")))

Sheet Dropdowns
A1: Visit Status | B1: Current Stage | C1: Assigned Owner | D1: Assigned Visitor | E1: Gift Approval Owner | F1: Updated By | G1: Final Disposition | H1: Gift Status | I1: Blocker | J1: Lead Source | K1: Offer Status | L1: Occupancy Status | M1: Property Condition | N1: Seller Timeline | O1: Offer Received Confirmation | P1: Transaction Handoff Status | Q1: REI Update Required | R1: REI Update Completed | S1: Source | T1: Data Quality Status | U1: Stalled Status
A2: Scheduled | B2: Visit Scheduled | C2: Jonathan | D2: Juan | E2: Cherry | F2: Jonathan | G2: Contracted | H2: Not Reviewed | I2: Price | J2: Direct Mail | K2: Not Started | L2: Owner-Occupied | M2: Excellent | N2: ASAP | O2: Yes | P2: Not Ready | Q2: Yes | R2: Yes | S2: Manual | T2: OK | U2: Yes
A3: Completed | B3: Visit Completed — Needs Review | C3: Kyle | D3: Kyle | E3: Juan | F3: Kyle | G3: Lost | H3: Recommended | I3: Title | J3: Direct Mail - Postcard | K3: In Preparation | L3: Tenant-Occupied | M3: Good | N3: 30 days | O3: No | P3: Ready for Handoff | Q3: No | R3: No | S3: Apps Script | T3: Incomplete | U3: No
A4: Canceled | B4: Offer Preparation | C4: Cherry | D4: Cherry | F4: Cherry | G4: Long-Term Nurture | H4: Approved | I4: Tenant | J4: PPC | K4: Sent | L4: Vacant | M4: Fair | N4: 60 days | P4: Handed Off to JM | S4: Import | T4: Exception
A5: Reschedule Needed | B5: Offer Sent | C5: Juan | D5: Jonathan | F5: Juan | G5: Closed Out | H5: Sent | I5: Family | J5: TV | K5: Countered | L5: Unknown | M5: Poor | N5: 90+ days | P5: JM Confirmed | S5: TEST
B6: Active Negotiation | C6: JM | D6: JM | F6: JM | H6: Not Appropriate | I6: Access | J6: Facebook | K6: Accepted | M6: Distressed | N6: Unknown
B7: Verbal Agreement | D7: Cesar | F7: Apps Script | I7: Timing | J7: SEO | K7: Rejected
B8: Contract Sent | D8: Jose Herrera | F8: Import | I8: Documents | J8: PPL - Property Leads | K8: Withdrawn
B9: Contract Signed | D9: Manny Morales | I9: Property Condition | J9: PPL - Motivated Leads
B10: Long-Term Nurture | D10: Lily | I10: Seller Unresponsive
B11: Lost / Closed Out | D11: Alan Hernandez | I11: Other

Sheet Exception Queue
A1: Exception Queue — records that are Incomplete, fail a cross-field rule, or duplicate
A3: Property ID | B3: Property Address | C3: Seller Name | D3: Current Stage | E3: Assigned Owner | F3: Data Quality Status | G3: Missing Required Fields | H3: Exception Reason
A4: In the live Google Sheet this list is generated by a QUERY over Data (Data Quality Status = Incomplete or Exception). See Data-Dictionary.md.

Sheet Migration Log
A1: Legacy field | B1: New field(s) | C1: Mapping rule | D1: Confidence / notes
A2: Address | B2: Property Address (+ Normalized Address) | C2: Copied verbatim; Normalized Address computed | D2: High
A3: Name | B3: Seller Name | C3: Copied verbatim | D3: High
A4: Phone | B4: Phone | C4: Copied verbatim | D4: High
A5: Lead Source | B5: Lead Source | C5: Values already match new dropdown | D5: High
A6: Appointment date / col A | B6: Visit Date | C6: Copied | D6: High
A7: Inspection Status | B7: Visit Status | C7: Inspected→Completed; Pending Inspection→Scheduled; Cancelled→Canceled; 'Skipped - offer made'→Completed | D7: High
A8: Inspector | B8: Assigned Visitor | C8: Juan Diaz→Juan; Cesar→Cesar (kept); others kept as-is in visitor list | D8: Medium
A9: Closer / Agent | B9: Assigned Owner | C9: Cherry→Cherry; Juan Diaz→Juan; blank/other→left blank → Incomplete → Exception Queue | D9: Low where blank
A10: Deal Stage + Deal Status | B10: Current Stage (+ Final Disposition) | C10: See stage-mapping table in Data-Dictionary.md | D10: Medium — uncertain rows sent to Exception Queue
A11: Status Update (prose) | B11: Last Contact Result / Next Action / Visit Notes | C11: Clear 'next step' text mapped to Next Action; full text preserved in Visit Notes; ambiguous → Exception | D11: Low — not guessed
A12: Notes | B12: Visit Notes / Seller Motivation | C12: Notes→Visit Notes; motivation only where explicit | D12: Medium
... A14: Contract (dropdown) | B14: Final Disposition / Transaction Handoff Status | C14: Under Contract→(context); Acquired→Contracted; Cancelled Contract→Lost | D14: Medium
